Village / Town / City / Location,Region,State
,,
Village / Town / City / Location,Region,State
Abu Al Abyad,Abu Dhabi,Abu Dhabi
Abu Dhabi,Abu Dhabi,Abu Dhabi
Abu Dhabi Airport,Abu Dhabi,Abu Dhabi
Abu Dhabi Gate City,Abu Dhabi,Abu Dhabi
Al `Ayn,Abu Dhabi,Abu Dhabi
Al `Idd,Abu Dhabi,Abu Dhabi
Al `Udayd,Abu Dhabi,Abu Dhabi
Al Ain,Abu Dhabi,Abu Dhabi
Al Aman,Abu Dhabi,Abu Dhabi
Al Atir,Abu Dhabi,Abu Dhabi
Al Badaa,Abu Dhabi,Abu Dhabi
Al Bahia,Abu Dhabi,Abu Dhabi
Al Baladiyah,Abu Dhabi,Abu Dhabi
Al Baraha,Abu Dhabi,Abu Dhabi
Al Bateen,Abu Dhabi,Abu Dhabi
Al Dhafrah,Abu Dhabi,Abu Dhabi
Al Falah City,Abu Dhabi,Abu Dhabi
Al Ghadeer,Abu Dhabi,Abu Dhabi
Al Hadhi,Abu Dhabi,Abu Dhabi
Al Hayer,Abu Dhabi,Abu Dhabi
Al Hisn,Abu Dhabi,Abu Dhabi
Al Hosn,Abu Dhabi,Abu Dhabi
Al Hudayriat Island,Abu Dhabi,Abu Dhabi
Al Ittihad,Abu Dhabi,Abu Dhabi
Al Jahr,Abu Dhabi,Abu Dhabi
Al Jami` al Kabir,Abu Dhabi,Abu Dhabi
Al Karamah,Abu Dhabi,Abu Dhabi
Al Khabb,Abu Dhabi,Abu Dhabi
Al Khaleej Al Arabi,Abu Dhabi,Abu Dhabi
Al Khalidiya,Abu Dhabi,Abu Dhabi
Al Khalidiyah,Abu Dhabi,Abu Dhabi
Al Khatim,Abu Dhabi,Abu Dhabi
Al Khazna,Abu Dhabi,Abu Dhabi
Al Khaznah,Abu Dhabi,Abu Dhabi
Al Khis,Abu Dhabi,Abu Dhabi
,,
Village / Town / City / Location,Region,State
Al Khubayrah,Abu Dhabi,Abu Dhabi
Al Khubeirah,Abu Dhabi,Abu Dhabi
Al Mafraq,Abu Dhabi,Abu Dhabi
Al Manaseer,Abu Dhabi,Abu Dhabi
Al Manhal,Abu Dhabi,Abu Dhabi
Al Maqta,Abu Dhabi,Abu Dhabi
Al Marfa,Abu Dhabi,Abu Dhabi
Al Mariah United Group,Abu Dhabi,Abu Dhabi
Al Mariyah,Abu Dhabi,Abu Dhabi
Al Mariyah al Gharbiyah,Abu Dhabi,Abu Dhabi
Al Markaziyah,Abu Dhabi,Abu Dhabi
Al Mashrub,Abu Dhabi,Abu Dhabi
Al Mina,Abu Dhabi,Abu Dhabi
Al Mirfa,Abu Dhabi,Abu Dhabi
Al Mu`tarad,Abu Dhabi,Abu Dhabi
Al Mughayra',Abu Dhabi,Abu Dhabi
Al Muqattarah,Abu Dhabi,Abu Dhabi
Al Muroor,Abu Dhabi,Abu Dhabi
Al Murur,Abu Dhabi,Abu Dhabi
Al Musalla,Abu Dhabi,Abu Dhabi
Al Mushrif,Abu Dhabi,Abu Dhabi
Al Muwayqi`i,Abu Dhabi,Abu Dhabi
Al Muzun,Abu Dhabi,Abu Dhabi
Al Nahda Abu Dhabi,Abu Dhabi,Abu Dhabi
Al Nahyan,Abu Dhabi,Abu Dhabi
Al Najda,Abu Dhabi,Abu Dhabi
Al Qaia,Abu Dhabi,Abu Dhabi
Al Qimi,Abu Dhabi,Abu Dhabi
Al Qurm,Abu Dhabi,Abu Dhabi
Al Raha Beach,Abu Dhabi,Abu Dhabi
Al Raha Corniche,Abu Dhabi,Abu Dhabi
Al Raha Gardens,Abu Dhabi,Abu Dhabi
Al Raha Golf Gardens,Abu Dhabi,Abu Dhabi
Al Rahba,Abu Dhabi,Abu Dhabi
Al Ras Al Akhdar,Abu Dhabi,Abu Dhabi
Al Rawdah,Abu Dhabi,Abu Dhabi
Al Reef,Abu Dhabi,Abu Dhabi
Al Reem Island,Abu Dhabi,Abu Dhabi
Al Rowdah,Abu Dhabi,Abu Dhabi
Al Ruwais,Abu Dhabi,Abu Dhabi
,,
Village / Town / City / Location,Region,State
Al Samha,Abu Dhabi,Abu Dhabi
Al Shahama,Abu Dhabi,Abu Dhabi
Al Shamkha,Abu Dhabi,Abu Dhabi
Al Sowwah,Abu Dhabi,Abu Dhabi
Al Wahda,Abu Dhabi,Abu Dhabi
Al Wahdah,Abu Dhabi,Abu Dhabi
Al Wathba,Abu Dhabi,Abu Dhabi
Al Wathbah,Abu Dhabi,Abu Dhabi
Al Zaab,Abu Dhabi,Abu Dhabi
An Nadi as Siyahi,Abu Dhabi,Abu Dhabi
An Nashshash,Abu Dhabi,Abu Dhabi
Aqbiyah,Abu Dhabi,Abu Dhabi
Ar Ra's al Akhdar,Abu Dhabi,Abu Dhabi
Ar Rawdah,Abu Dhabi,Abu Dhabi
Ar Rihan,Abu Dhabi,Abu Dhabi
Ar Ruways,Abu Dhabi,Abu Dhabi
Aradah,Abu Dhabi,Abu Dhabi
As Sad,Abu Dhabi,Abu Dhabi
As Slabeikh,Abu Dhabi,Abu Dhabi
As Sulaymat,Abu Dhabi,Abu Dhabi
Ash Shahamah,Abu Dhabi,Abu Dhabi
Ash Shibhanah,Abu Dhabi,Abu Dhabi
Attab,Abu Dhabi,Abu Dhabi
Ayn al Faydah,Abu Dhabi,Abu Dhabi
Az Za`ab,Abu Dhabi,Abu Dhabi
Az Zafrah,Abu Dhabi,Abu Dhabi
Az Zahra,Abu Dhabi,Abu Dhabi
Badiyah,Abu Dhabi,Abu Dhabi
Baniyas,Abu Dhabi,Abu Dhabi
Batin,Abu Dhabi,Abu Dhabi
Bid' Zayed,Abu Dhabi,Abu Dhabi
"Bid' Zayed, Manar Mall",Abu Dhabi,Abu Dhabi
Bin Ahmad,Abu Dhabi,Abu Dhabi
Bu Hasa,Abu Dhabi,Abu Dhabi
Bu Lifiyat,Abu Dhabi,Abu Dhabi
Bu Rays,Abu Dhabi,Abu Dhabi
Capital District,Abu Dhabi,Abu Dhabi
Corniche,Abu Dhabi,Abu Dhabi
Da`sah,Abu Dhabi,Abu Dhabi
Dahin,Abu Dhabi,Abu Dhabi
,,
Village / Town / City / Location,Region,State
Danet,Abu Dhabi,Abu Dhabi
Downtown,Abu Dhabi,Abu Dhabi
Fariq Tarif,Abu Dhabi,Abu Dhabi
Ghantoot,Abu Dhabi,Abu Dhabi
Ghurbah,Abu Dhabi,Abu Dhabi
Golf Gardens,Abu Dhabi,Abu Dhabi
Grand Mosque District,Abu Dhabi,Abu Dhabi
Habshan,Abu Dhabi,Abu Dhabi
Hadbat az Za`faranah,Abu Dhabi,Abu Dhabi
Hafif,Abu Dhabi,Abu Dhabi
Hamarur,Abu Dhabi,Abu Dhabi
Hameem,Abu Dhabi,Abu Dhabi
Hamim,Abu Dhabi,Abu Dhabi
Hilli,Abu Dhabi,Abu Dhabi
Humar,Abu Dhabi,Abu Dhabi
Huwaylah,Abu Dhabi,Abu Dhabi
Huwaytayn,Abu Dhabi,Abu Dhabi
Hydra Village,Abu Dhabi,Abu Dhabi
Istayhah,Abu Dhabi,Abu Dhabi
Jarbub,Abu Dhabi,Abu Dhabi
Jayf,Abu Dhabi,Abu Dhabi
Jebel Dhanna,Abu Dhabi,Abu Dhabi
Jurayrah,Abu Dhabi,Abu Dhabi
Kayyah,Abu Dhabi,Abu Dhabi
Khalifa City B,Abu Dhabi,Abu Dhabi
Khalifa Street,Abu Dhabi,Abu Dhabi
Khannur,Abu Dhabi,Abu Dhabi
Liwa,Abu Dhabi,Abu Dhabi
Lulu Island,Abu Dhabi,Abu Dhabi
Madinat ad Dubbat,Abu Dhabi,Abu Dhabi
Madinat an Nahdah,Abu Dhabi,Abu Dhabi
Madinat Khalifah A,Abu Dhabi,Abu Dhabi
Madinat Khalifah B,Abu Dhabi,Abu Dhabi
Madinat Zayed,Abu Dhabi,Abu Dhabi
Madinat Zayid,Abu Dhabi,Abu Dhabi
"Madinat Zayid, Rak Sports Cultural Club",Abu Dhabi,Abu Dhabi
"Madinat Zayid, Vegetable and Fruits Market",Abu Dhabi,Abu Dhabi
Mahdar Bin `Usayyan,Abu Dhabi,Abu Dhabi
Majra al Ghaf,Abu Dhabi,Abu Dhabi
Marawwah,Abu Dhabi,Abu Dhabi
,,
Village / Town / City / Location,Region,State
Marina Village,Abu Dhabi,Abu Dhabi
Mas`udi,Abu Dhabi,Abu Dhabi
Masdar City,Abu Dhabi,Abu Dhabi
Mawsil,Abu Dhabi,Abu Dhabi
Mazyad,Abu Dhabi,Abu Dhabi
Milqatah,Abu Dhabi,Abu Dhabi
Mintaqah Bayn al Jisrayn,Abu Dhabi,Abu Dhabi
Mintaqat al Matar,Abu Dhabi,Abu Dhabi
Mohamed Bin Zayed City,Abu Dhabi,Abu Dhabi
Mujib,Abu Dhabi,Abu Dhabi
Mundafinah,Abu Dhabi,Abu Dhabi
Muroor Area,Abu Dhabi,Abu Dhabi
Mussafah,Abu Dhabi,Abu Dhabi
Muzayri`,Abu Dhabi,Abu Dhabi
Nafir,Abu Dhabi,Abu Dhabi
Nahel,Abu Dhabi,Abu Dhabi
Naqrah,Abu Dhabi,Abu Dhabi
"NPCC, Mussafa, Abu DHabi",Abu Dhabi,Abu Dhabi
Nuqayrah,Abu Dhabi,Abu Dhabi
Nurai Island,Abu Dhabi,Abu Dhabi
Police Officers City,Abu Dhabi,Abu Dhabi
Qaryat at Turath,Abu Dhabi,Abu Dhabi
Qasr al Bahr,Abu Dhabi,Abu Dhabi
Qasr ash Shati',Abu Dhabi,Abu Dhabi
Qasr El Bahr,Abu Dhabi,Abu Dhabi
Qasr El Shatie,Abu Dhabi,Abu Dhabi
Qatar,Abu Dhabi,Abu Dhabi
Qattarah,Abu Dhabi,Abu Dhabi
Qu`aysah,Abu Dhabi,Abu Dhabi
Qurmidah,Abu Dhabi,Abu Dhabi
Qutuf,Abu Dhabi,Abu Dhabi
Radaim,Abu Dhabi,Abu Dhabi
Ras Khumais,Abu Dhabi,Abu Dhabi
Rowdat Al Reef Palace,Abu Dhabi,Abu Dhabi
Saadiyat Island,Abu Dhabi,Abu Dhabi
Sabkhah,Abu Dhabi,Abu Dhabi
Sas Al Nakheel,Abu Dhabi,Abu Dhabi
Sas an Nakhl,Abu Dhabi,Abu Dhabi
Shah,Abu Dhabi,Abu Dhabi
Shamis,Abu Dhabi,Abu Dhabi
,,
Village / Town / City / Location,Region,State
Shati' ar Rahah,Abu Dhabi,Abu Dhabi
Sikkat al Khayl,Abu Dhabi,Abu Dhabi
Suwayhan,Abu Dhabi,Abu Dhabi
Sweihan,Abu Dhabi,Abu Dhabi
Taraq,Abu Dhabi,Abu Dhabi
Tarif,Abu Dhabi,Abu Dhabi
Tharwaniyah,Abu Dhabi,Abu Dhabi
Tourist Club Area,Abu Dhabi,Abu Dhabi
Umm al Qurayn,Abu Dhabi,Abu Dhabi
Wadhil,Abu Dhabi,Abu Dhabi
Wafd,Abu Dhabi,Abu Dhabi
Yafur,Abu Dhabi,Abu Dhabi
Yas Island,Abu Dhabi,Abu Dhabi
Yas Marina F1 Circuit,Abu Dhabi,Abu Dhabi
Zafir,Abu Dhabi,Abu Dhabi
Zayed Military City,Abu Dhabi,Abu Dhabi
Zuwayhir,Abu Dhabi,Abu Dhabi
Ain Ajman,Ajman,Ajman
Ajman,Ajman,Ajman
"Ajman, Al Bustan",Ajman,Ajman
"Ajman, Al Butain",Ajman,Ajman
"Ajman, Al Nakhil",Ajman,Ajman
"Ajman, Al Owan",Ajman,Ajman
"Ajman, Al Rashidiya",Ajman,Ajman
"Ajman, Al Rifaah",Ajman,Ajman
"Ajman, Al Rumailah",Ajman,Ajman
"Ajman, Corniche Area",Ajman,Ajman
"Ajman, Old Industrial Area",Ajman,Ajman
"Ajman, Port Area",Ajman,Ajman
Al Ameera Village,Ajman,Ajman
Al Bustan,Ajman,Ajman
Al Butain,Ajman,Ajman
Al Hamidiyah,Ajman,Ajman
Al Helio,Ajman,Ajman
Al Humaid City,Ajman,Ajman
Al Ittihad Village,Ajman,Ajman
Al Naimiya,Ajman,Ajman
Al Nakhil,Ajman,Ajman
Al Owan,Ajman,Ajman
Al Rumailah,Ajman,Ajman
,,
Village / Town / City / Location,Region,State
Al Tala Camel Race Track of Ajman,Ajman,Ajman
Al Zahraa,Ajman,Ajman
Awali City,Ajman,Ajman
Bustan,Ajman,Ajman
Corniche,Ajman,Ajman
Downtown,Ajman,Ajman
Emirates City,Ajman,Ajman
Green City,Ajman,Ajman
Hamideeyah,Ajman,Ajman
Hasat al Bidiyah,Ajman,Ajman
Helio,Ajman,Ajman
Industrial Area,Ajman,Ajman
Jurf,Ajman,Ajman
Manama,Ajman,Ajman
Marina,Ajman,Ajman
Marmooka City,Ajman,Ajman
Meadows,Ajman,Ajman
Muehat,Ajman,Ajman
Musheirif,Ajman,Ajman
Musheirif Commercial,Ajman,Ajman
Muwayhat,Ajman,Ajman
Nakheel,Ajman,Ajman
Naymiyah,Ajman,Ajman
New industrial area,Ajman,Ajman
Park View City,Ajman,Ajman
Private Airfield,Ajman,Ajman
Rashidiya,Ajman,Ajman
Rumaylah,Ajman,Ajman
Sawan,Ajman,Ajman
Tala,Ajman,Ajman
Uptown,Ajman,Ajman
Zahra,Ajman,Ajman
Zawra,Ajman,Ajman
Dayd,Al Dhaid,Sharjah
"Dayd, Al Bustan",Al Dhaid,Sharjah
"Dayd, Al Hasan",Al Dhaid,Sharjah
"Dayd, Al Sharaya",Al Dhaid,Sharjah
"Dayd, Al Suwaiah",Al Dhaid,Sharjah
"Dayd, Al Tayebah",Al Dhaid,Sharjah
"Dayd, Lubsah Camel Race Track",Al Dhaid,Sharjah
,,
Village / Town / City / Location,Region,State
`Ayal Nasir,Dubai,Dubai
`Ud al Bayda',Dubai,Dubai
`Urqub Juwayza,Dubai,Dubai
Abu Hail,Dubai,Dubai
Abu Hayl,Dubai,Dubai
Academic City,Dubai,Dubai
Ad Daghayah,Dubai,Dubai
Airport Free Zone,Dubai,Dubai
Al `Usbij,Dubai,Dubai
Al Aweer,Dubai,Dubai
Al Awir,Dubai,Dubai
Al Bada,Dubai,Dubai
Al Bada'a,Dubai,Dubai
Al Baharnah,Dubai,Dubai
Al Balush,Dubai,Dubai
Al Baraha,Dubai,Dubai
Al Barahah,Dubai,Dubai
Al Barari,Dubai,Dubai
Al Barsha 1,Dubai,Dubai
Al Barsha 2,Dubai,Dubai
Al Barsha 3,Dubai,Dubai
Al Barsha First,Dubai,Dubai
Al Barshaa Second,Dubai,Dubai
Al Barshaa Third,Dubai,Dubai
Al Faq`,Dubai,Dubai
Al Furjan,Dubai,Dubai
Al Garhoud,Dubai,Dubai
Al Goze Industrial District,Dubai,Dubai
Al Hajarayn,Dubai,Dubai
Al Hamriyah,Dubai,Dubai
Al Hudaba,Dubai,Dubai
Al Hudaiba,Dubai,Dubai
Al Hudaybah,Dubai,Dubai
Al Jaddaf,Dubai,Dubai
Al Jafiliya,Dubai,Dubai
Al Jafliya,Dubai,Dubai
Al Karama,Dubai,Dubai
Al Khabasi,Dubai,Dubai
Al Khabeesi,Dubai,Dubai
Al Khawanij,Dubai,Dubai
,,
Village / Town / City / Location,Region,State
Al Kifaf,Dubai,Dubai
Al Lusayli,Dubai,Dubai
Al Mahra,Dubai,Dubai
Al Manara,Dubai,Dubai
Al Mankhool,Dubai,Dubai
Al Marqadh,Dubai,Dubai
Al Matinah,Dubai,Dubai
Al Mina,Dubai,Dubai
Al Mizhar,Dubai,Dubai
Al Mizhar 1,Dubai,Dubai
Al Mizhar 2,Dubai,Dubai
Al Muhaisnah,Dubai,Dubai
Al Muraqqabat,Dubai,Dubai
Al Murar,Dubai,Dubai
Al Murar al Jadid,Dubai,Dubai
Al Murar al Qadim,Dubai,Dubai
Al Musalla,Dubai,Dubai
Al Nahda,Dubai,Dubai
Al Qawz,Dubai,Dubai
Al Quoz,Dubai,Dubai
Al Quoz Industrial Area 1,Dubai,Dubai
Al Quoz Industrial Area 2,Dubai,Dubai
Al Quoz Industrial Area 3,Dubai,Dubai
Al Quoz Industrial Area 4,Dubai,Dubai
Al Qusais 1,Dubai,Dubai
Al Qusais 2,Dubai,Dubai
Al Qusais 3,Dubai,Dubai
Al Qusais First,Dubai,Dubai
Al Qusais Industrial Area Second,Dubai,Dubai
Al Qusais Second,Dubai,Dubai
Al Qusais Third,Dubai,Dubai
Al Qusays,Dubai,Dubai
Al Raffa,Dubai,Dubai
Al Ras,Dubai,Dubai
Al Rashidiya,Dubai,Dubai
Al Reem 1,Dubai,Dubai
Al Reem 2,Dubai,Dubai
Al Reem 3,Dubai,Dubai
Al Rigga,Dubai,Dubai
Al Safa 1,Dubai,Dubai
,,
Village / Town / City / Location,Region,State
Al Safa 2,Dubai,Dubai
Al Saffa First,Dubai,Dubai
Al Saffa Second,Dubai,Dubai
Al Safouh First,Dubai,Dubai
Al Satwa,Dubai,Dubai
Al Shindagah,Dubai,Dubai
Al Sufouh 2,Dubai,Dubai
Al Twar 1,Dubai,Dubai
Al Twar 2,Dubai,Dubai
Al Twar 3,Dubai,Dubai
Al Twar First,Dubai,Dubai
AL Twar Second,Dubai,Dubai
Al Waha Villas 1,Dubai,Dubai
Al Waha Villas 2,Dubai,Dubai
Al Waheda,Dubai,Dubai
Al Warq'a 5,Dubai,Dubai
Al Warqa'a,Dubai,Dubai
Al Wasl,Dubai,Dubai
Al Wuheida,Dubai,Dubai
Alma,Dubai,Dubai
Alvorada,Dubai,Dubai
An Nakhl,Dubai,Dubai
Ar Ra's,Dubai,Dubai
Ar Rashidiyah,Dubai,Dubai
Ar Rifa`ah,Dubai,Dubai
Ar Riqqah,Dubai,Dubai
Ar Riqqah Gharb,Dubai,Dubai
Ar Riqqah Sharq,Dubai,Dubai
Arabian Ranches,Dubai,Dubai
Armada towers,Dubai,Dubai
As Sabkhah,Dubai,Dubai
As Safa,Dubai,Dubai
As Satwah,Dubai,Dubai
Ash Shamal,Dubai,Dubai
Ash Shindaghah,Dubai,Dubai
At Tawar,Dubai,Dubai
Bawadi,Dubai,Dubai
Bu Kadra,Dubai,Dubai
Bur Dubai,Dubai,Dubai
Bur Sa`id,Dubai,Dubai
,,
Village / Town / City / Location,Region,State
Burj Nahar,Dubai,Dubai
Business Bay,Dubai,Dubai
Carmen Village,Dubai,Dubai
City of Arabia,Dubai,Dubai
Corniche Deira,Dubai,Dubai
Culture Village,Dubai,Dubai
Dawwar Burj Nahar,Dubai,Dubai
Dayrah,Dubai,Dubai
Deira,Dubai,Dubai
Discovery Gardens,Dubai,Dubai
Downtown Burj Khalifa,Dubai,Dubai
Dubai Aid City,Dubai,Dubai
Dubai Airport Freezone Area,Dubai,Dubai
Dubai Autodrome,Dubai,Dubai
Dubai Festival City,Dubai,Dubai
Dubai Healthcare City,Dubai,Dubai
Dubai Industrial City,Dubai,Dubai
Dubai International Financial Centre,Dubai,Dubai
Dubai International Media Production Zone (IMPZ),Dubai,Dubai
Dubai Internet City,Dubai,Dubai
Dubai Investment Park,Dubai,Dubai
Dubai Land,Dubai,Dubai
Dubai Life Style City,Dubai,Dubai
Dubai Marina,Dubai,Dubai
Dubai Media City,Dubai,Dubai
Dubai Pearl,Dubai,Dubai
Dubai Promenade,Dubai,Dubai
Dubai Silicon Oasis,Dubai,Dubai
Dubai Studio City,Dubai,Dubai
Dubai Studio City 1,Dubai,Dubai
Dubai Waterfront,Dubai,Dubai
Dubai World Central,Dubai,Dubai
DuBiotech,Dubai,Dubai
Emirates Hill First,Dubai,Dubai
Emirates Hill Second,Dubai,Dubai
Emirates Hill Third,Dubai,Dubai
Emirates Hills,Dubai,Dubai
Estella Village,Dubai,Dubai
Falcon City of Wonders,Dubai,Dubai
Ferij al Muhadham,Dubai,Dubai
,,
Village / Town / City / Location,Region,State
Global Village,Dubai,Dubai
Green Community,Dubai,Dubai
Green Community Motor City,Dubai,Dubai
Green Community West,Dubai,Dubai
Greens,Dubai,Dubai
Hamriyah,Dubai,Dubai
Hatta,Dubai,Dubai
Hattan,Dubai,Dubai
Hawr al `Anz,Dubai,Dubai
Hayl,Dubai,Dubai
Hayy al Bastakiyah,Dubai,Dubai
Healthcare City,Dubai,Dubai
Hor Al Anz,Dubai,Dubai
Hor Al Anz East,Dubai,Dubai
Hunaywah,Dubai,Dubai
Industrial Area 15,Dubai,Dubai
Industrial Area 17,Dubai,Dubai
International City,Dubai,Dubai
International City (Phase 2),Dubai,Dubai
International Media Production Zone (IMPZ),Dubai,Dubai
Jaddaf,Dubai,Dubai
Jebel Ali Village,Dubai,Dubai
Jumayra,Dubai,Dubai
Jumeira Second,Dubai,Dubai
Jumeira Third,Dubai,Dubai
Jumeirah,Dubai,Dubai
Jumeirah 1,Dubai,Dubai
Jumeirah 2,Dubai,Dubai
Jumeirah Beach Residence (JBR),Dubai,Dubai
Jumeirah Golf Estates,Dubai,Dubai
Jumeirah Heights,Dubai,Dubai
Jumeirah Islands,Dubai,Dubai
Jumeirah Lakes Towers,Dubai,Dubai
Jumeirah Park,Dubai,Dubai
Jumeirah Village,Dubai,Dubai
Karama,Dubai,Dubai
Knowledge Village,Dubai,Dubai
Kurnish,Dubai,Dubai
La Colleccion,Dubai,Dubai
Lahbab,Dubai,Dubai
,,
Village / Town / City / Location,Region,State
Legends,Dubai,Dubai
Liwan,Dubai,Dubai
M Z Faraidooni (MZF Al Kabhessi),Dubai,Dubai
Ma`sharat al Baharnah,Dubai,Dubai
Madinat Badr,Dubai,Dubai
Majan,Dubai,Dubai
Mankhul,Dubai,Dubai
Margham,Dubai,Dubai
Maritime City,Dubai,Dubai
Masfut,Dubai,Dubai
Meydan,Dubai,Dubai
Meydan City,Dubai,Dubai
Mintaqat as Suq,Dubai,Dubai
Mintaqat Dubayy at Ta`limiyah,Dubai,Dubai
Mirador,Dubai,Dubai
Mirdif,Dubai,Dubai
Motor City,Dubai,Dubai
Mudon,Dubai,Dubai
Muhaisanah Fourth,Dubai,Dubai
Muhaisanah Second,Dubai,Dubai
Muhaisanah Third,Dubai,Dubai
Muhaisnah 1,Dubai,Dubai
Muhaisnah 2,Dubai,Dubai
Muhaysnah,Dubai,Dubai
Muhaysnah Shamal,Dubai,Dubai
Murrquab,Dubai,Dubai
Mushrif,Dubai,Dubai
Mushrif Park,Dubai,Dubai
Muteena,Dubai,Dubai
Nad Al Hammar,Dubai,Dubai
Nad Al Sheba,Dubai,Dubai
Nad Al Sheba 2,Dubai,Dubai
Nadd al Humr,Dubai,Dubai
Nadd Al Sheba 3,Dubai,Dubai
Nadd Al Sheba 4,Dubai,Dubai
Nadd ash Shiba,Dubai,Dubai
Nayf,Dubai,Dubai
Oud Al Muteena,Dubai,Dubai
Oud Metha,Dubai,Dubai
Palm Jebel Ali,Dubai,Dubai
,,
Village / Town / City / Location,Region,State
Palm Jumeirah,Dubai,Dubai
Palmera,Dubai,Dubai
Plantation Equestrian and Polo Club,Dubai,Dubai
Port Saeed,Dubai,Dubai
Qaraytaysah,Dubai,Dubai
Qimah,Dubai,Dubai
Ras Al Khor,Dubai,Dubai
Ras Al Khor Industrial Area 1,Dubai,Dubai
Ras Al Khor Industrial Area 2,Dubai,Dubai
Ras Al Khor Industrial Area 3,Dubai,Dubai
Remraam,Dubai,Dubai
Riqqah al Butayn,Dubai,Dubai
Saheel,Dubai,Dubai
Satwa,Dubai,Dubai
Savannah,Dubai,Dubai
Sharjah Industrial Area 11,Dubai,Dubai
Sikkat al Khayl,Dubai,Dubai
Sports City,Dubai,Dubai
Sufayri,Dubai,Dubai
Tawi as Saygh,Dubai,Dubai
Technology Park,Dubai,Dubai
Tecom,Dubai,Dubai
Terra Nova,Dubai,Dubai
The Gardens,Dubai,Dubai
The Lagoons,Dubai,Dubai
The Lakes,Dubai,Dubai
The Meadows,Dubai,Dubai
The Meadows 5,Dubai,Dubai
The Springs,Dubai,Dubai
The Tiger Woods Dubai,Dubai,Dubai
The Views,Dubai,Dubai
The Villa,Dubai,Dubai
The World Islands,Dubai,Dubai
Tilal Dubai,Dubai,Dubai
Um Al Sheif,Dubai,Dubai
Um Suqaim Second,Dubai,Dubai
Umm Al Sheif,Dubai,Dubai
Umm Hurair 1,Dubai,Dubai
Umm Hurair 2,Dubai,Dubai
Umm Hurayr,Dubai,Dubai
,,
Village / Town / City / Location,Region,State
Umm Ramool,Dubai,Dubai
Umm Suqaym,Dubai,Dubai
Umm Suqueim 1,Dubai,Dubai
Umm Suqueim 2,Dubai,Dubai
Umm Suqueim 3,Dubai,Dubai
Up Town Motor City,Dubai,Dubai
Victory Heights,Dubai,Dubai
Warisan,Dubai,Dubai
Warsan,Dubai,Dubai
Warsan 1,Dubai,Dubai
Warsan 2,Dubai,Dubai
World Trade Center,Dubai,Dubai
Zabeel 1,Dubai,Dubai
Zabeel First,Dubai,Dubai
Zaribat Dawiy,Dubai,Dubai
Falaj Al Mualla,Falaj Al Moalla,Umm Al Quwain
`Abadilah,Fujairah,Fujairah
`Akamiyah,Fujairah,Fujairah
`Aqqah,Fujairah,Fujairah
`Asamah,Fujairah,Fujairah
`Ashashah,Fujairah,Fujairah
`Uqayr,Fujairah,Fujairah
Afarah,Fujairah,Fujairah
Al `Awdah,Fujairah,Fujairah
Al `Ayn al Ghumur,Fujairah,Fujairah
Al `Uyaynah,Fujairah,Fujairah
Al Aqah,Fujairah,Fujairah
Al Fuqait,Fujairah,Fujairah
Al Ghurfa,Fujairah,Fujairah
Al Ghurfah,Fujairah,Fujairah
Al Gissemari,Fujairah,Fujairah
Al Halah,Fujairah,Fujairah
Al Hayl,Fujairah,Fujairah
Al Hinya,Fujairah,Fujairah
Al Kubus,Fujairah,Fujairah
Al Manamah,Fujairah,Fujairah
Al Qurayyah,Fujairah,Fujairah
Ar Rul,Fujairah,Fujairah
Badiyah,Fujairah,Fujairah
Bethna,Fujairah,Fujairah
,,
Village / Town / City / Location,Region,State
Bitnah,Fujairah,Fujairah
Blaydah,Fujairah,Fujairah
Corniche,Fujairah,Fujairah
Dab`ah,Fujairah,Fujairah
Dadna,Fujairah,Fujairah
Daftah,Fujairah,Fujairah
Dahir,Fujairah,Fujairah
Diba,Fujairah,Fujairah
Dibba,Fujairah,Fujairah
Dub,Fujairah,Fujairah
Falakh,Fujairah,Fujairah
Faqi,Fujairah,Fujairah
Far`ah,Fujairah,Fujairah
Friday Market,Fujairah,Fujairah
Fujairah,Fujairah,Fujairah
Ghamarah,Fujairah,Fujairah
Ghayl,Fujairah,Fujairah
Ghurfah,Fujairah,Fujairah
Girath,Fujairah,Fujairah
Haqil,Fujairah,Fujairah
Harat Zutut,Fujairah,Fujairah
Harrah,Fujairah,Fujairah
Hatiyah,Fujairah,Fujairah
Hayat,Fujairah,Fujairah
Jabal Qurayyah,Fujairah,Fujairah
Jareef,Fujairah,Fujairah
Kalba,Fujairah,Fujairah
Khalba,Fujairah,Fujairah
Khawr Kalba,Fujairah,Fujairah
Khor Khalba,Fujairah,Fujairah
Khulaybiyah,Fujairah,Fujairah
Maidaq,Fujairah,Fujairah
Masafi,Fujairah,Fujairah
"Masafi, Fruit and Vegetables Market",Fujairah,Fujairah
Mawrid,Fujairah,Fujairah
Maydaq,Fujairah,Fujairah
"Merbah, Fujairah",Fujairah,Fujairah
Minazif,Fujairah,Fujairah
Mu`taridah,Fujairah,Fujairah
Mukhtaraqah,Fujairah,Fujairah
,,
Village / Town / City / Location,Region,State
Murbad,Fujairah,Fujairah
Murbah,Fujairah,Fujairah
Murrah,Fujairah,Fujairah
Nuhayy,Fujairah,Fujairah
Osfai,Fujairah,Fujairah
Qidfa,Fujairah,Fujairah
Ras Dibba,Fujairah,Fujairah
Riyamah,Fujairah,Fujairah
Rughaylat,Fujairah,Fujairah
Rul Dadna,Fujairah,Fujairah
Safad,Fujairah,Fujairah
Sa'if,Fujairah,Fujairah
Saqamqam,Fujairah,Fujairah
Sharm,Fujairah,Fujairah
Shawiyah,Fujairah,Fujairah
Siji,Fujairah,Fujairah
Sinnah,Fujairah,Fujairah
Sram,Fujairah,Fujairah
Sumbrair,Fujairah,Fujairah
Sur,Fujairah,Fujairah
Tarif Kalba,Fujairah,Fujairah
Tariqat Ja`d,Fujairah,Fujairah
Tawi Siji,Fujairah,Fujairah
Tawian,Fujairah,Fujairah
Tayyibah,Fujairah,Fujairah
Teba,Fujairah,Fujairah
Theeb,Fujairah,Fujairah
Thoban,Fujairah,Fujairah
Wa`bayn,Fujairah,Fujairah
Wahala,Fujairah,Fujairah
Wamm,Fujairah,Fujairah
Yalah,Fujairah,Fujairah
Zanhah,Fujairah,Fujairah
Zikt,Fujairah,Fujairah
"Hatta, Friday Market",Hatta,Dubai
"Hatta, Hatta Stadium",Hatta,Dubai
"Hatta, Khansaheb Camel Track",Hatta,Dubai
Kalba,Kalba,Sharjah
"Kalba, Al Aoud",Kalba,Sharjah
"Kalba, Al Baraha",Kalba,Sharjah
,,
Village / Town / City / Location,Region,State
"Kalba, Al Bateen",Kalba,Sharjah
"Kalba, Al Bridi",Kalba,Sharjah
"Kalba, Al Mafraq",Kalba,Sharjah
"Kalba, Al Nighala",Kalba,Sharjah
"Kalba, Al Qadsia",Kalba,Sharjah
"Kalba, Al Qual'aa",Kalba,Sharjah
"Kalba, Al Sidrah",Kalba,Sharjah
"Kalba, Industrial Area",Kalba,Sharjah
Khawr Kalba,Kalba,Sharjah
Wadi Hilo,Kalba,Sharjah
Abu Dhabi Cricket Stadium,Khalifa A,Abu Dhabi
Abu Dhabi Golf Club,Khalifa A,Abu Dhabi
Khalifa A,Khalifa A,Abu Dhabi
Al Lou'aluo'ayyah,Khor Fakkan Town,Sharjah
"Al Lou'aluo'ayyah, Stadium Sports Club Pterygium",Khor Fakkan Town,Sharjah
Khawr Fakkan,Khor Fakkan Town,Sharjah
"Khawr Fakkan, Al Bridi",Khor Fakkan Town,Sharjah
"Khawr Fakkan, Al Khaledya",Khor Fakkan Town,Sharjah
"Khawr Fakkan, Al Rifa'a",Khor Fakkan Town,Sharjah
"Khawr Fakkan, Al Sharq",Khor Fakkan Town,Sharjah
"Khawr Fakkan, Al Suwan Camel Track",Khor Fakkan Town,Sharjah
"Khawr Fakkan, Al Yarmook",Khor Fakkan Town,Sharjah
"Khawr Fakkan, Fort Hatta",Khor Fakkan Town,Sharjah
"Khawr Fakkan, Hawaya",Khor Fakkan Town,Sharjah
"Khawr Fakkan, Hutain",Khor Fakkan Town,Sharjah
"Khawr Fakkan, Vegetable and Fruits Market",Khor Fakkan Town,Sharjah
Zubarah,Khor Fakkan Town,Sharjah
Manama,Manama,Ajman
"Manama, Al Aswaq Hayper Market",Manama,Ajman
Goal,Masfut,Ajman
Masfut,Masfut,Ajman
Mazeira,Masfut,Ajman
Mazyad Mall,Mussafah East,Abu Dhabi
Mohammed Bin Zayed City,Mussafah East,Abu Dhabi
Old Ras Al Khaimah,Old Ras Al Khaimah,Ras Al Khaimah
"Old Ras Al Khaimah, Al Waha Trading Market",Old Ras Al Khaimah,Ras Al Khaimah
"Old Ras Al Khaimah, Bin Dahur Centre",Old Ras Al Khaimah,Ras Al Khaimah
`Ayim,Ras Al Khaimah,Ras Al Khaimah
`Uraybi,Ras Al Khaimah,Ras Al Khaimah
Adh Dharbaniyah,Ras Al Khaimah,Ras Al Khaimah
,,
Village / Town / City / Location,Region,State
Adhan,Ras Al Khaimah,Ras Al Khaimah
Al Fahlayn,Ras Al Khaimah,Ras Al Khaimah
Al Fara`,Ras Al Khaimah,Ras Al Khaimah
Al Fay`,Ras Al Khaimah,Ras Al Khaimah
Al Fulayyah,Ras Al Khaimah,Ras Al Khaimah
Al Ghabah,Ras Al Khaimah,Ras Al Khaimah
Al Ghabam,Ras Al Khaimah,Ras Al Khaimah
Al Ghail,Ras Al Khaimah,Ras Al Khaimah
Al Ghashban,Ras Al Khaimah,Ras Al Khaimah
Al Hamra Village,Ras Al Khaimah,Ras Al Khaimah
Al Hamraniyah,Ras Al Khaimah,Ras Al Khaimah
Al Hayr,Ras Al Khaimah,Ras Al Khaimah
Al Hulaylah,Ras Al Khaimah,Ras Al Khaimah
Al Jaddah,Ras Al Khaimah,Ras Al Khaimah
Al Jazirah al Hamra',Ras Al Khaimah,Ras Al Khaimah
Al Jazirah Aviation Club,Ras Al Khaimah,Ras Al Khaimah
Al Khari,Ras Al Khaimah,Ras Al Khaimah
Al Khashfah,Ras Al Khaimah,Ras Al Khaimah
Al Mahamm,Ras Al Khaimah,Ras Al Khaimah
Al Mamorah,Ras Al Khaimah,Ras Al Khaimah
Al Marjan Island,Ras Al Khaimah,Ras Al Khaimah
Al Masafirah,Ras Al Khaimah,Ras Al Khaimah
Al Mu`amurah,Ras Al Khaimah,Ras Al Khaimah
Al Qir,Ras Al Khaimah,Ras Al Khaimah
Al Quwayz,Ras Al Khaimah,Ras Al Khaimah
Al Ramms,Ras Al Khaimah,Ras Al Khaimah
Al Riffa,Ras Al Khaimah,Ras Al Khaimah
Al Usayli,Ras Al Khaimah,Ras Al Khaimah
An Nakhil,Ras Al Khaimah,Ras Al Khaimah
Ar Rams,Ras Al Khaimah,Ras Al Khaimah
As Sur,Ras Al Khaimah,Ras Al Khaimah
Ash Sha`m,Ras Al Khaimah,Ras Al Khaimah
Athabat,Ras Al Khaimah,Ras Al Khaimah
Baqal,Ras Al Khaimah,Ras Al Khaimah
Bida,Ras Al Khaimah,Ras Al Khaimah
Bidiyah,Ras Al Khaimah,Ras Al Khaimah
Bulaydah,Ras Al Khaimah,Ras Al Khaimah
Corniche,Ras Al Khaimah,Ras Al Khaimah
Creek,Ras Al Khaimah,Ras Al Khaimah
Daftah,Ras Al Khaimah,Ras Al Khaimah
,,
Village / Town / City / Location,Region,State
Darah,Ras Al Khaimah,Ras Al Khaimah
Dayah,Ras Al Khaimah,Ras Al Khaimah
Daynah,Ras Al Khaimah,Ras Al Khaimah
Dhad al Arab,Ras Al Khaimah,Ras Al Khaimah
Difan,Ras Al Khaimah,Ras Al Khaimah
Dihan,Ras Al Khaimah,Ras Al Khaimah
Diqdaqah,Ras Al Khaimah,Ras Al Khaimah
Diqdaqah,Ras Al Khaimah,Ras Al Khaimah
"Diqdaqah, Al Waha Centre",Ras Al Khaimah,Ras Al Khaimah
eXmajor Hangar,Ras Al Khaimah,Ras Al Khaimah
Fashrah,Ras Al Khaimah,Ras Al Khaimah
Fa'y,Ras Al Khaimah,Ras Al Khaimah
Fayyad,Ras Al Khaimah,Ras Al Khaimah
Financial City (DIFC),Ras Al Khaimah,Ras Al Khaimah
Furfar,Ras Al Khaimah,Ras Al Khaimah
Ghadf,Ras Al Khaimah,Ras Al Khaimah
Ghaghah,Ras Al Khaimah,Ras Al Khaimah
Ghalilah,Ras Al Khaimah,Ras Al Khaimah
Ghayl,Ras Al Khaimah,Ras Al Khaimah
Ghubb,Ras Al Khaimah,Ras Al Khaimah
Ghubbat Khawrah,Ras Al Khaimah,Ras Al Khaimah
Ghurah,Ras Al Khaimah,Ras Al Khaimah
Gragrah,Ras Al Khaimah,Ras Al Khaimah
Habhab,Ras Al Khaimah,Ras Al Khaimah
Ham Ham,Ras Al Khaimah,Ras Al Khaimah
Hamra' Al Jazirah al,Ras Al Khaimah,Ras Al Khaimah
Harat `Awali,Ras Al Khaimah,Ras Al Khaimah
Hayl,Ras Al Khaimah,Ras Al Khaimah
Homraniya,Ras Al Khaimah,Ras Al Khaimah
Hudaybah,Ras Al Khaimah,Ras Al Khaimah
Huwaylat,Ras Al Khaimah,Ras Al Khaimah
Industrial and Technology Park,Ras Al Khaimah,Ras Al Khaimah
Jazirat al Hamra',Ras Al Khaimah,Ras Al Khaimah
"Jazirat al Hamra', Beach Centre",Ras Al Khaimah,Ras Al Khaimah
"Jazirat al Hamra', Hatta Fort Golf Course",Ras Al Khaimah,Ras Al Khaimah
Khabakhib,Ras Al Khaimah,Ras Al Khaimah
Kharran,Ras Al Khaimah,Ras Al Khaimah
Khatt,Ras Al Khaimah,Ras Al Khaimah
Khawr Khuwayr,Ras Al Khaimah,Ras Al Khaimah
Khazam,Ras Al Khaimah,Ras Al Khaimah
,,
Village / Town / City / Location,Region,State
Kub,Ras Al Khaimah,Ras Al Khaimah
Ma`ali,Ras Al Khaimah,Ras Al Khaimah
Maghribiyah,Ras Al Khaimah,Ras Al Khaimah
Manqashah,Ras Al Khaimah,Ras Al Khaimah
Marhamid,Ras Al Khaimah,Ras Al Khaimah
Masafi,Ras Al Khaimah,Ras Al Khaimah
"Masafi,",Ras Al Khaimah,Ras Al Khaimah
Masah,Ras Al Khaimah,Ras Al Khaimah
Mina Al Arab,Ras Al Khaimah,Ras Al Khaimah
Minha,Ras Al Khaimah,Ras Al Khaimah
Mu`ayrid,Ras Al Khaimah,Ras Al Khaimah
Munay`i,Ras Al Khaimah,Ras Al Khaimah
Muraytah,Ras Al Khaimah,Ras Al Khaimah
New Hangar Zebra VON,Ras Al Khaimah,Ras Al Khaimah
Qabas,Ras Al Khaimah,Ras Al Khaimah
Qaf'ah,Ras Al Khaimah,Ras Al Khaimah
Qarat ad Dum,Ras Al Khaimah,Ras Al Khaimah
Quar Ah Qahlish,Ras Al Khaimah,Ras Al Khaimah
Qur,Ras Al Khaimah,Ras Al Khaimah
Qurm,Ras Al Khaimah,Ras Al Khaimah
Qusaydat,Ras Al Khaimah,Ras Al Khaimah
Rafaq,Ras Al Khaimah,Ras Al Khaimah
RAK airport,Ras Al Khaimah,Ras Al Khaimah
Ramlah,Ras Al Khaimah,Ras Al Khaimah
Rams,Ras Al Khaimah,Ras Al Khaimah
Ras Al Khaimah,Ras Al Khaimah,Ras Al Khaimah
Ras al Khaimah,Ras Al Khaimah,Ras Al Khaimah
"Ras al Khaimah, Al Dour Archaeological Site",Ras Al Khaimah,Ras Al Khaimah
"Ras al Khaimah, Al Safeer Shopping Center",Ras Al Khaimah,Ras Al Khaimah
"Ras al Khaimah, Emirates Cultural Sport Club",Ras Al Khaimah,Ras Al Khaimah
"Ras al Khaimah, Emirates Pearls Markets",Ras Al Khaimah,Ras Al Khaimah
"Ras al Khaimah, Fish Market",Ras Al Khaimah,Ras Al Khaimah
"Ras al Khaimah, Madinet Zayed Camel Race Track",Ras Al Khaimah,Ras Al Khaimah
"Ras al Khaimah, Mdinet Zayed Market",Ras Al Khaimah,Ras Al Khaimah
"Ras al Khaimah, Rak Trading Mall",Ras Al Khaimah,Ras Al Khaimah
"Ras al Khaimah, Safeer Mall",Ras Al Khaimah,Ras Al Khaimah
"Ras al Khaimah, Saif Al Shawi",Ras Al Khaimah,Ras Al Khaimah
Rima,Ras Al Khaimah,Ras Al Khaimah
Sal Dora,Ras Al Khaimah,Ras Al Khaimah
Salihiyah,Ras Al Khaimah,Ras Al Khaimah
,,
Village / Town / City / Location,Region,State
Samarat,Ras Al Khaimah,Ras Al Khaimah
Saraya Islands,Ras Al Khaimah,Ras Al Khaimah
Sayh,Ras Al Khaimah,Ras Al Khaimah
Sayh as Saqlah,Ras Al Khaimah,Ras Al Khaimah
Sha`biyat Naslah,Ras Al Khaimah,Ras Al Khaimah
Shabakah,Ras Al Khaimah,Ras Al Khaimah
Shah,Ras Al Khaimah,Ras Al Khaimah
Shahawat,Ras Al Khaimah,Ras Al Khaimah
Shariyah,Ras Al Khaimah,Ras Al Khaimah
Sharyat,Ras Al Khaimah,Ras Al Khaimah
Shawkah,Ras Al Khaimah,Ras Al Khaimah
Shimal,Ras Al Khaimah,Ras Al Khaimah
Stan,Ras Al Khaimah,Ras Al Khaimah
Suhaybah,Ras Al Khaimah,Ras Al Khaimah
Wad Wid,Ras Al Khaimah,Ras Al Khaimah
Waterfront,Ras Al Khaimah,Ras Al Khaimah
Wayb Hawf,Ras Al Khaimah,Ras Al Khaimah
Yasmin Village,Ras Al Khaimah,Ras Al Khaimah
Yinas,Ras Al Khaimah,Ras Al Khaimah
Abu Sangara,Sharjah,Sharjah
Adh Dhayd,Sharjah,Sharjah
Al Aber,Sharjah,Sharjah
Al Ardiyah,Sharjah,Sharjah
Al Azrra,Sharjah,Sharjah
Al Brashi,Sharjah,Sharjah
Al Butina,Sharjah,Sharjah
Al Darrare,Sharjah,Sharjah
Al Dhaid,Sharjah,Sharjah
Al Fallaj,Sharjah,Sharjah
Al Fayha,Sharjah,Sharjah
AL Ghafiya,Sharjah,Sharjah
Al Ghuhaiba,Sharjah,Sharjah
Al Ghuwair,Sharjah,Sharjah
Al Goaz,Sharjah,Sharjah
Al Hamriyah,Sharjah,Sharjah
Al Hawayah,Sharjah,Sharjah
Al Hayrah,Sharjah,Sharjah
Al Hazana,Sharjah,Sharjah
Al Heera Suburb,Sharjah,Sharjah
Al Hutain,Sharjah,Sharjah
,,
Village / Town / City / Location,Region,State
Al Jazzat,Sharjah,Sharjah
Al Khabba,Sharjah,Sharjah
Al Khaildia Suburb,Sharjah,Sharjah
Al Khaldeia,Sharjah,Sharjah
Al Khan,Sharjah,Sharjah
Al Khouzamiya,Sharjah,Sharjah
Al Madam,Sharjah,Sharjah
Al Mahatah,Sharjah,Sharjah
Al Majaz,Sharjah,Sharjah
Al Malaiha,Sharjah,Sharjah
Al Mamzar,Sharjah,Sharjah
Al Mamzer,Sharjah,Sharjah
Al Manakh,Sharjah,Sharjah
Al Marijah,Sharjah,Sharjah
Al Mirgab,Sharjah,Sharjah
Al Mudaifi,Sharjah,Sharjah
Al Mussalla,Sharjah,Sharjah
Al Nabba,Sharjah,Sharjah
Al Nahda 1,Sharjah,Sharjah
Al Nahda 2,Sharjah,Sharjah
Al Naimiya,Sharjah,Sharjah
Al Nasserya,Sharjah,Sharjah
Al nekhailat,Sharjah,Sharjah
Al Nud,Sharjah,Sharjah
Al Nujoom Islands,Sharjah,Sharjah
Al Qadsia,Sharjah,Sharjah
Al Qasba,Sharjah,Sharjah
Al Qasemiya,Sharjah,Sharjah
Al Qusais Industrial Area 1,Sharjah,Sharjah
Al Qusais Industrial Area 3,Sharjah,Sharjah
Al Rafee'a 1,Sharjah,Sharjah
Al Ramaqia,Sharjah,Sharjah
Al Ramla,Sharjah,Sharjah
Al Ramla East,Sharjah,Sharjah
AL Ramla West,Sharjah,Sharjah
Al Ramtha,Sharjah,Sharjah
Al Rifa,Sharjah,Sharjah
Al Rifah,Sharjah,Sharjah
Al Riqa Suburb,Sharjah,Sharjah
Al Sajaa,Sharjah,Sharjah
,,
Village / Town / City / Location,Region,State
Al Shahab,Sharjah,Sharjah
Al Sharq,Sharjah,Sharjah
Al Shuwaiheen,Sharjah,Sharjah
Al Subaikhi,Sharjah,Sharjah
Al Swehat,Sharjah,Sharjah
Al Talae,Sharjah,Sharjah
Al Wahda,Sharjah,Sharjah
Al Yarmook,Sharjah,Sharjah
an-Nahwa,Sharjah,Sharjah
Ar Rufaysah,Sharjah,Sharjah
Ash Shu`ayb,Sharjah,Sharjah
Atain,Sharjah,Sharjah
Bu Danig,Sharjah,Sharjah
Bu Tina,Sharjah,Sharjah
Corniche Al Buhaira,Sharjah,Sharjah
Eliash,Sharjah,Sharjah
Etisalat,Sharjah,Sharjah
Ghunah,Sharjah,Sharjah
Hajar,Sharjah,Sharjah
Hamriya,Sharjah,Sharjah
Hamriyah Free Zone,Sharjah,Sharjah
HANGAR AEROPRAKT A22 No220,Sharjah,Sharjah
Hiyawah,Sharjah,Sharjah
Hizayib az Zanah,Sharjah,Sharjah
Huwayyah,Sharjah,Sharjah
Industrial Area 13,Sharjah,Sharjah
Industrial Area 18,Sharjah,Sharjah
Khor Fakkan,Sharjah,Sharjah
Layyah,Sharjah,Sharjah
Lulayyah,Sharjah,Sharjah
Madha,Sharjah,Sharjah
Maysaloon,Sharjah,Sharjah
Muelih,Sharjah,Sharjah
Muwafjah,Sharjah,Sharjah
Nahwa,Sharjah,Sharjah
Nazwa,Sharjah,Sharjah
Nedaifi,Sharjah,Sharjah
New Shwaib,Sharjah,Sharjah
Private airfield,Sharjah,Sharjah
Rafa`,Sharjah,Sharjah
,,
Village / Town / City / Location,Region,State
Rolla Area,Sharjah,Sharjah
Rollah Square,Sharjah,Sharjah
Sa`d,Sharjah,Sharjah
Sahanah,Sharjah,Sharjah
Sajaa Industrial Area,Sharjah,Sharjah
Samnan,Sharjah,Sharjah
Saruj,Sharjah,Sharjah
Shargan,Sharjah,Sharjah
Sharjah,Sharjah,Sharjah
Sharjah Airport Free Zone (SAIF),Sharjah,Sharjah
Sharjah Industrial Area 1,Sharjah,Sharjah
Sharjah Industrial Area 10,Sharjah,Sharjah
Sharjah Industrial Area 12,Sharjah,Sharjah
Sharjah Industrial Area 2,Sharjah,Sharjah
Sharjah Industrial Area 3,Sharjah,Sharjah
Sharjah Industrial Area 4,Sharjah,Sharjah
Sharjah Industrial Area 5,Sharjah,Sharjah
Sharjah Industrial Area 6,Sharjah,Sharjah
Sharjah Industrial Area 7,Sharjah,Sharjah
Sharjah Industrial Area 8,Sharjah,Sharjah
Sharjah Industrial Area 9,Sharjah,Sharjah
Shis,Sharjah,Sharjah
Shwaib,Sharjah,Sharjah
Tawi Bil Khabis,Sharjah,Sharjah
Tawi Rashidia,Sharjah,Sharjah
Tawi Zubair Hamriyah,Sharjah,Sharjah
Turrfana,Sharjah,Sharjah
Um Tarrafa,Sharjah,Sharjah
Umm Khanoor,Sharjah,Sharjah
Wadi Shi,Sharjah,Sharjah
Wasit Suburb,Sharjah,Sharjah
`Uwaynat,Umm Al Quwain,Umm Al Quwain
Al `Adhib,Umm Al Quwain,Umm Al Quwain
Al Abraq,Umm Al Quwain,Umm Al Quwain
Al Azeeb,Umm Al Quwain,Umm Al Quwain
"Al Azeeb, Al Khaleej Markets",Umm Al Quwain,Umm Al Quwain
Al Biyatha,Umm Al Quwain,Umm Al Quwain
Al Dar Al Baida - A,Umm Al Quwain,Umm Al Quwain
Al Dar Al Baida - B,Umm Al Quwain,Umm Al Quwain
Al Haditha,Umm Al Quwain,Umm Al Quwain
,,
Village / Town / City / Location,Region,State
Al Hamrah - B,Umm Al Quwain,Umm Al Quwain
Al Hamrah - D,Umm Al Quwain,Umm Al Quwain
Al Hawiyah,Umm Al Quwain,Umm Al Quwain
Al Hazaywah,Umm Al Quwain,Umm Al Quwain
Al Humrah - A,Umm Al Quwain,Umm Al Quwain
Al Khor,Umm Al Quwain,Umm Al Quwain
Al Labsah,Umm Al Quwain,Umm Al Quwain
Al Limghadar,Umm Al Quwain,Umm Al Quwain
Al Madar,Umm Al Quwain,Umm Al Quwain
Al Maidan,Umm Al Quwain,Umm Al Quwain
Al Quram,Umm Al Quwain,Umm Al Quwain
Al Raafa,Umm Al Quwain,Umm Al Quwain
Al Ra'as - A,Umm Al Quwain,Umm Al Quwain
Al Ra'as - B,Umm Al Quwain,Umm Al Quwain
Al Ra'as - C,Umm Al Quwain,Umm Al Quwain
Al Ra'as - D,Umm Al Quwain,Umm Al Quwain
Al Rashidiya,Umm Al Quwain,Umm Al Quwain
"Al Rashidiya, Hamra Golf Club",Umm Al Quwain,Umm Al Quwain
"Al Rashidiya, Sharjah Co-Operative Society",Umm Al Quwain,Umm Al Quwain
Al Raudah,Umm Al Quwain,Umm Al Quwain
Al Riqqah,Umm Al Quwain,Umm Al Quwain
Al Salam City,Umm Al Quwain,Umm Al Quwain
Al Surrah,Umm Al Quwain,Umm Al Quwain
Ar Ra`fah,Umm Al Quwain,Umm Al Quwain
Ar Ramlah,Umm Al Quwain,Umm Al Quwain
Ar Rashidiyah,Umm Al Quwain,Umm Al Quwain
As Salamah,Umm Al Quwain,Umm Al Quwain
As Surrah,Umm Al Quwain,Umm Al Quwain
Barracuda,Umm Al Quwain,Umm Al Quwain
Barracuda Beach Resort,Umm Al Quwain,Umm Al Quwain
Biyatah,Umm Al Quwain,Umm Al Quwain
Defence Camp,Umm Al Quwain,Umm Al Quwain
Diwwan Al Amiri,Umm Al Quwain,Umm Al Quwain
Emirates Modern Industrial,Umm Al Quwain,Umm Al Quwain
Emirates Motorplex - UAQ/RAK road,Umm Al Quwain,Umm Al Quwain
Environmental Marine Research Center,Umm Al Quwain,Umm Al Quwain
Falaj al Moalla,Umm Al Quwain,Umm Al Quwain
Green Belt,Umm Al Quwain,Umm Al Quwain
Hazaiwa,Umm Al Quwain,Umm Al Quwain
Industrial Area A,Umm Al Quwain,Umm Al Quwain
,,
Village / Town / City / Location,Region,State
Industrial Area B,Umm Al Quwain,Umm Al Quwain
Industrial Area C,Umm Al Quwain,Umm Al Quwain
Kaber,Umm Al Quwain,Umm Al Quwain
Kabir,Umm Al Quwain,Umm Al Quwain
Khor Al Beidah,Umm Al Quwain,Umm Al Quwain
Lazimah,Umm Al Quwain,Umm Al Quwain
Lubsah,Umm Al Quwain,Umm Al Quwain
"Lubsah, Lulu Centre",Umm Al Quwain,Umm Al Quwain
Mintaqah al Hadithah,Umm Al Quwain,Umm Al Quwain
Mintaqat ad Dar al Bayda' A,Umm Al Quwain,Umm Al Quwain
Mintaqat ad Dar al Bayda' B,Umm Al Quwain,Umm Al Quwain
Mintaqat al `Ahd,Umm Al Quwain,Umm Al Quwain
Mintaqat al Hawiyah,Umm Al Quwain,Umm Al Quwain
Mintaqat al Humrah A,Umm Al Quwain,Umm Al Quwain
Mintaqat al Humrah B,Umm Al Quwain,Umm Al Quwain
Mintaqat al Humrah D,Umm Al Quwain,Umm Al Quwain
Mintaqat al Humrah J,Umm Al Quwain,Umm Al Quwain
Mintaqat al Khawr,Umm Al Quwain,Umm Al Quwain
Mintaqat al Madinah al Qadimah,Umm Al Quwain,Umm Al Quwain
Mintaqat al Maydan,Umm Al Quwain,Umm Al Quwain
Mintaqat ar Ra's A,Umm Al Quwain,Umm Al Quwain
Mintaqat ar Ra's B,Umm Al Quwain,Umm Al Quwain
Mintaqat ar Ra's D,Umm Al Quwain,Umm Al Quwain
Mintaqat ar Ra's J,Umm Al Quwain,Umm Al Quwain
Mintaqat ar Rawdah,Umm Al Quwain,Umm Al Quwain
Mintaqat ar Riqqah,Umm Al Quwain,Umm Al Quwain
Mintaqat Limghadar,Umm Al Quwain,Umm Al Quwain
Mintaqat Umm al Qaywayn at Tibbiyah,Umm Al Quwain,Umm Al Quwain
Mohadhub,Umm Al Quwain,Umm Al Quwain
Muhadhdhib,Umm Al Quwain,Umm Al Quwain
Old Town,Umm Al Quwain,Umm Al Quwain
The settlement of fishermen,Umm Al Quwain,Umm Al Quwain
Umm Al Quwain,Umm Al Quwain,Umm Al Quwain
Umm Al Quwain Aviation & Parachute Club,Umm Al Quwain,Umm Al Quwain
Umm Al Quwain Hunting & Shooting Club,Umm Al Quwain,Umm Al Quwain
Umm Al Quwain Marina,Umm Al Quwain,Umm Al Quwain
Umm Al Thaoub Industrial Area,Umm Al Quwain,Umm Al Quwain
White Bay,Umm Al Quwain,Umm Al Quwain
