Location,Region,State
n/a Abu Al Abyad Abu Dhabi,Abu,Dhabi
n/a Abu Dhabi Abu Dhabi,Abu,Dhabi
n/a Abu Dhabi Airport Abu Dhabi,Abu,Dhabi
n/a Abu Dhabi Gate City Abu Dhabi,Abu,Dhabi
n/a Al `Ayn Abu Dhabi,Abu,Dhabi
n/a Al `Idd Abu Dhabi,Abu,Dhabi
n/a Al `Udayd Abu Dhabi,Abu,Dhabi
n/a Al Ain Abu Dhabi,Abu,Dhabi
n/a Al Aman Abu Dhabi,Abu,Dhabi
n/a Al Atir Abu Dhabi,Abu,Dhabi
n/a Al Badaa Abu Dhabi,Abu,Dhabi
n/a Al Bahia Abu Dhabi,Abu,Dhabi
n/a Al Baladiyah Abu Dhabi,Abu,Dhabi
n/a Al Baraha Abu Dhabi,Abu,Dhabi
n/a Al Bateen Abu Dhabi,Abu,Dhabi
n/a Al Dhafrah Abu Dhabi,Abu,Dhabi
n/a Al Falah City Abu Dhabi,Abu,Dhabi
n/a Al Ghadeer Abu Dhabi,Abu,Dhabi
n/a Al Hadhi Abu Dhabi,Abu,Dhabi
n/a Al Hayer Abu Dhabi,Abu,Dhabi
n/a Al Hisn Abu Dhabi,Abu,Dhabi
n/a Al Hosn Abu Dhabi,Abu,Dhabi
n/a Al Hudayriat Island Abu Dhabi,Abu,Dhabi
n/a Al Ittihad Abu Dhabi,Abu,Dhabi
n/a Al Jahr Abu Dhabi,Abu,Dhabi
n/a Al Jami` al Kabir Abu Dhabi,Abu,Dhabi
n/a Al Karamah Abu Dhabi,Abu,Dhabi
n/a Al Khabb Abu Dhabi,Abu,Dhabi
n/a Al Khaleej Al Arabi Abu Dhabi,Abu,Dhabi
n/a Al Khalidiya Abu Dhabi,Abu,Dhabi
n/a Al Khalidiyah Abu Dhabi,Abu,Dhabi
n/a Al Khatim Abu Dhabi,Abu,Dhabi
n/a Al Khazna Abu Dhabi,Abu,Dhabi
n/a Al Khaznah Abu Dhabi,Abu,Dhabi
n/a Al Khis Abu Dhabi,Abu,Dhabi
n/a Al Khubayrah Abu Dhabi,Abu,Dhabi
n/a Al Khubeirah Abu Dhabi,Abu,Dhabi
n/a Al Mafraq Abu Dhabi,Abu,Dhabi
n/a Al Manaseer Abu Dhabi,Abu,Dhabi
n/a Al Manhal Abu Dhabi,Abu,Dhabi
n/a Al Maqta Abu Dhabi,Abu,Dhabi
n/a Al Marfa Abu Dhabi,Abu,Dhabi
n/a Al Mariah United Group Abu Dhabi,Abu,Dhabi
n/a Al Mariyah Abu Dhabi,Abu,Dhabi
n/a Al Mariyah al Gharbiyah Abu Dhabi,Abu,Dhabi
n/a Al Markaziyah Abu Dhabi,Abu,Dhabi
n/a Al Mashrub Abu Dhabi,Abu,Dhabi
n/a Al Mina Abu Dhabi,Abu,Dhabi
n/a Al Mirfa Abu Dhabi,Abu,Dhabi
n/a Al Mu`tarad Abu Dhabi,Abu,Dhabi
n/a Al Mughayra' Abu Dhabi,Abu,Dhabi
n/a Al Muqattarah Abu Dhabi,Abu,Dhabi
n/a Al Muroor Abu Dhabi,Abu,Dhabi
n/a Al Murur Abu Dhabi,Abu,Dhabi
n/a Al Musalla Abu Dhabi,Abu,Dhabi
n/a Al Mushrif Abu Dhabi,Abu,Dhabi
n/a Al Muwayqi`i Abu Dhabi,Abu,Dhabi
n/a Al Muzun Abu Dhabi,Abu,Dhabi
n/a Al Nahda Abu Dhabi Abu Dhabi,Abu,Dhabi
n/a Al Nahyan Abu Dhabi,Abu,Dhabi
n/a Al Najda Abu Dhabi,Abu,Dhabi
n/a Al Qaia Abu Dhabi,Abu,Dhabi
n/a Al Qimi Abu Dhabi,Abu,Dhabi
n/a Al Qurm Abu Dhabi,Abu,Dhabi
n/a Al Raha Beach Abu Dhabi,Abu,Dhabi
n/a Al Raha Corniche Abu Dhabi,Abu,Dhabi
n/a Al Raha Gardens Abu Dhabi,Abu,Dhabi
n/a Al Raha Golf Gardens Abu Dhabi,Abu,Dhabi
n/a Al Rahba Abu Dhabi,Abu,Dhabi
n/a Al Ras Al Akhdar Abu Dhabi,Abu,Dhabi
n/a Al Rawdah Abu Dhabi,Abu,Dhabi
n/a Al Reef Abu Dhabi,Abu,Dhabi
n/a Al Reem Island Abu Dhabi,Abu,Dhabi
n/a Al Rowdah Abu Dhabi,Abu,Dhabi
n/a Al Ruwais Abu Dhabi,Abu,Dhabi
n/a Al Samha Abu Dhabi,Abu,Dhabi
n/a Al Shahama Abu Dhabi,Abu,Dhabi
n/a Al Shamkha Abu Dhabi,Abu,Dhabi
n/a Al Sowwah Abu Dhabi,Abu,Dhabi
n/a Al Wahda Abu Dhabi,Abu,Dhabi
n/a Al Wahdah Abu Dhabi,Abu,Dhabi
n/a Al Wathba Abu Dhabi,Abu,Dhabi
n/a Al Wathbah Abu Dhabi,Abu,Dhabi
n/a Al Zaab Abu Dhabi,Abu,Dhabi
n/a An Nadi as Siyahi Abu Dhabi,Abu,Dhabi
n/a An Nashshash Abu Dhabi,Abu,Dhabi
n/a Aqbiyah Abu Dhabi,Abu,Dhabi
n/a Ar Ra's al Akhdar Abu Dhabi,Abu,Dhabi
n/a Ar Rawdah Abu Dhabi,Abu,Dhabi
n/a Ar Rihan Abu Dhabi,Abu,Dhabi
n/a Ar Ruways Abu Dhabi,Abu,Dhabi
n/a Aradah Abu Dhabi,Abu,Dhabi
n/a As Sad Abu Dhabi,Abu,Dhabi
n/a As Slabeikh Abu Dhabi,Abu,Dhabi
n/a As Sulaymat Abu Dhabi,Abu,Dhabi
n/a Ash Shahamah Abu Dhabi,Abu,Dhabi
n/a Ash Shibhanah Abu Dhabi,Abu,Dhabi
n/a Attab Abu Dhabi,Abu,Dhabi
n/a Ayn al Faydah Abu Dhabi,Abu,Dhabi
n/a Az Za`ab Abu Dhabi,Abu,Dhabi
n/a Az Zafrah Abu Dhabi,Abu,Dhabi
n/a Az Zahra Abu Dhabi,Abu,Dhabi
n/a Badiyah Abu Dhabi,Abu,Dhabi
n/a Baniyas Abu Dhabi,Abu,Dhabi
n/a Batin Abu Dhabi,Abu,Dhabi
n/a Bid' Zayed Abu Dhabi,Abu,Dhabi
"n/a Bid' Zayed, Manar Mall Abu Dhabi",Abu,Dhabi
n/a Bin Ahmad Abu Dhabi,Abu,Dhabi
n/a Bu Hasa Abu Dhabi,Abu,Dhabi
n/a Bu Lifiyat Abu Dhabi,Abu,Dhabi
n/a Bu Rays Abu Dhabi,Abu,Dhabi
n/a Capital District Abu Dhabi,Abu,Dhabi
n/a Corniche Abu Dhabi,Abu,Dhabi
n/a Da`sah Abu Dhabi,Abu,Dhabi
n/a Dahin Abu Dhabi,Abu,Dhabi
n/a Danet Abu Dhabi,Abu,Dhabi
n/a Downtown Abu Dhabi,Abu,Dhabi
n/a Fariq Tarif Abu Dhabi,Abu,Dhabi
n/a Ghantoot Abu Dhabi,Abu,Dhabi
n/a Ghurbah Abu Dhabi,Abu,Dhabi
n/a Golf Gardens Abu Dhabi,Abu,Dhabi
n/a Grand Mosque District Abu Dhabi,Abu,Dhabi
n/a Habshan Abu Dhabi,Abu,Dhabi
n/a Hadbat az Za`faranah Abu Dhabi,Abu,Dhabi
n/a Hafif Abu Dhabi,Abu,Dhabi
n/a Hamarur Abu Dhabi,Abu,Dhabi
n/a Hameem Abu Dhabi,Abu,Dhabi
n/a Hamim Abu Dhabi,Abu,Dhabi
n/a Hilli Abu Dhabi,Abu,Dhabi
n/a Humar Abu Dhabi,Abu,Dhabi
n/a Huwaylah Abu Dhabi,Abu,Dhabi
n/a Huwaytayn Abu Dhabi,Abu,Dhabi
n/a Hydra Village Abu Dhabi,Abu,Dhabi
n/a Istayhah Abu Dhabi,Abu,Dhabi
n/a Jarbub Abu Dhabi,Abu,Dhabi
n/a Jayf Abu Dhabi,Abu,Dhabi
n/a Jebel Dhanna Abu Dhabi,Abu,Dhabi
n/a Jurayrah Abu Dhabi,Abu,Dhabi
n/a Kayyah Abu Dhabi,Abu,Dhabi
n/a Khalifa City B Abu Dhabi,Abu,Dhabi
n/a Khalifa Street Abu Dhabi,Abu,Dhabi
n/a Khannur Abu Dhabi,Abu,Dhabi
n/a Liwa Abu Dhabi,Abu,Dhabi
n/a Lulu Island Abu Dhabi,Abu,Dhabi
n/a Madinat ad Dubbat Abu Dhabi,Abu,Dhabi
n/a Madinat an Nahdah Abu Dhabi,Abu,Dhabi
n/a Madinat Khalifah A Abu Dhabi,Abu,Dhabi
n/a Madinat Khalifah B Abu Dhabi,Abu,Dhabi
n/a Madinat Zayed Abu Dhabi,Abu,Dhabi
n/a Madinat Zayid Abu Dhabi,Abu,Dhabi
"n/a Madinat Zayid, Rak Sports Cultural Club Abu Dhabi",Abu,Dhabi
"n/a Madinat Zayid, Vegetable and Fruits Market Abu Dhabi",Abu,Dhabi
n/a Mahdar Bin `Usayyan Abu Dhabi,Abu,Dhabi
n/a Majra al Ghaf Abu Dhabi,Abu,Dhabi
n/a Marawwah Abu Dhabi,Abu,Dhabi
n/a Marina Village Abu Dhabi,Abu,Dhabi
n/a Mas`udi Abu Dhabi,Abu,Dhabi
n/a Masdar City Abu Dhabi,Abu,Dhabi
n/a Mawsil Abu Dhabi,Abu,Dhabi
n/a Mazyad Abu Dhabi,Abu,Dhabi
n/a Milqatah Abu Dhabi,Abu,Dhabi
n/a Mintaqah Bayn al Jisrayn Abu Dhabi,Abu,Dhabi
n/a Mintaqat al Matar Abu Dhabi,Abu,Dhabi
n/a Mohamed Bin Zayed City Abu Dhabi,Abu,Dhabi
n/a Mujib Abu Dhabi,Abu,Dhabi
n/a Mundafinah Abu Dhabi,Abu,Dhabi
n/a Muroor Area Abu Dhabi,Abu,Dhabi
n/a Mussafah Abu Dhabi,Abu,Dhabi
n/a Muzayri` Abu Dhabi,Abu,Dhabi
n/a Nafir Abu Dhabi,Abu,Dhabi
n/a Nahel Abu Dhabi,Abu,Dhabi
n/a Naqrah Abu Dhabi,Abu,Dhabi
"n/a NPCC, Mussafa, Abu DHabi Abu Dhabi",Abu,Dhabi
n/a Nuqayrah Abu Dhabi,Abu,Dhabi
n/a Nurai Island Abu Dhabi,Abu,Dhabi
n/a Police Officers City Abu Dhabi,Abu,Dhabi
n/a Qaryat at Turath Abu Dhabi,Abu,Dhabi
n/a Qasr al Bahr Abu Dhabi,Abu,Dhabi
n/a Qasr ash Shati' Abu Dhabi,Abu,Dhabi
n/a Qasr El Bahr Abu Dhabi,Abu,Dhabi
n/a Qasr El Shatie Abu Dhabi,Abu,Dhabi
n/a Qatar Abu Dhabi,Abu,Dhabi
n/a Qattarah Abu Dhabi,Abu,Dhabi
n/a Qu`aysah Abu Dhabi,Abu,Dhabi
n/a Qurmidah Abu Dhabi,Abu,Dhabi
n/a Qutuf Abu Dhabi,Abu,Dhabi
n/a Radaim Abu Dhabi,Abu,Dhabi
n/a Ras Khumais Abu Dhabi,Abu,Dhabi
n/a Rowdat Al Reef Palace Abu Dhabi,Abu,Dhabi
n/a Saadiyat Island Abu Dhabi,Abu,Dhabi
n/a Sabkhah Abu Dhabi,Abu,Dhabi
n/a Sas Al Nakheel Abu Dhabi,Abu,Dhabi
n/a Sas an Nakhl Abu Dhabi,Abu,Dhabi
n/a Shah Abu Dhabi,Abu,Dhabi
n/a Shamis Abu Dhabi,Abu,Dhabi
n/a Shati' ar Rahah Abu Dhabi,Abu,Dhabi
n/a Sikkat al Khayl Abu Dhabi,Abu,Dhabi
n/a Suwayhan Abu Dhabi,Abu,Dhabi
n/a Sweihan Abu Dhabi,Abu,Dhabi
n/a Taraq Abu Dhabi,Abu,Dhabi
n/a Tarif Abu Dhabi,Abu,Dhabi
n/a Tharwaniyah Abu Dhabi,Abu,Dhabi
n/a Tourist Club Area Abu Dhabi,Abu,Dhabi
n/a Umm al Qurayn Abu Dhabi,Abu,Dhabi
n/a Wadhil Abu Dhabi,Abu,Dhabi
n/a Wafd Abu Dhabi,Abu,Dhabi
n/a Yafur Abu Dhabi,Abu,Dhabi
n/a Yas Island Abu Dhabi,Abu,Dhabi
n/a Yas Marina F1 Circuit Abu Dhabi,Abu,Dhabi
n/a Zafir Abu Dhabi,Abu,Dhabi
n/a Zayed Military City Abu Dhabi,Abu,Dhabi
n/a Zuwayhir Abu Dhabi,Abu,Dhabi
n/a Ain Ajman,Ajman,Ajman
n/a Ajman,Ajman,Ajman
"n/a Ajman, Al Bustan",Ajman,Ajman
"n/a Ajman, Al Butain",Ajman,Ajman
"n/a Ajman, Al Nakhil",Ajman,Ajman
"n/a Ajman, Al Owan",Ajman,Ajman
"n/a Ajman, Al Rashidiya",Ajman,Ajman
"n/a Ajman, Al Rifaah",Ajman,Ajman
"n/a Ajman, Al Rumailah",Ajman,Ajman
"n/a Ajman, Corniche Area",Ajman,Ajman
"n/a Ajman, Old Industrial Area",Ajman,Ajman
"n/a Ajman, Port Area",Ajman,Ajman
n/a Al Ameera Village,Ajman,Ajman
n/a Al Bustan,Ajman,Ajman
n/a Al Butain,Ajman,Ajman
n/a Al Hamidiyah,Ajman,Ajman
n/a Al Helio,Ajman,Ajman
n/a Al Humaid City,Ajman,Ajman
n/a Al Ittihad Village,Ajman,Ajman
n/a Al Naimiya,Ajman,Ajman
n/a Al Nakhil,Ajman,Ajman
n/a Al Owan,Ajman,Ajman
n/a Al Rumailah,Ajman,Ajman
n/a Al Tala Camel Race Track of Ajman,Ajman,Ajman
n/a Al Zahraa,Ajman,Ajman
n/a Awali City,Ajman,Ajman
n/a Bustan,Ajman,Ajman
n/a Corniche,Ajman,Ajman
n/a Downtown,Ajman,Ajman
n/a Emirates City,Ajman,Ajman
n/a Green City,Ajman,Ajman
n/a Hamideeyah,Ajman,Ajman
n/a Hasat al Bidiyah,Ajman,Ajman
n/a Helio,Ajman,Ajman
n/a Industrial Area,Ajman,Ajman
n/a Jurf,Ajman,Ajman
n/a Manama,Ajman,Ajman
n/a Marina,Ajman,Ajman
n/a Marmooka City,Ajman,Ajman
n/a Meadows,Ajman,Ajman
n/a Muehat,Ajman,Ajman
n/a Musheirif,Ajman,Ajman
n/a Musheirif Commercial,Ajman,Ajman
n/a Muwayhat,Ajman,Ajman
n/a Nakheel,Ajman,Ajman
n/a Naymiyah,Ajman,Ajman
n/a New industrial area,Ajman,Ajman
n/a Park View City,Ajman,Ajman
n/a Private Airfield,Ajman,Ajman
n/a Rashidiya,Ajman,Ajman
n/a Rumaylah,Ajman,Ajman
n/a Sawan,Ajman,Ajman
n/a Tala,Ajman,Ajman
n/a Uptown,Ajman,Ajman
n/a Zahra,Ajman,Ajman
n/a Zawra,Ajman,Ajman
n/a Dayd Al,Dhaid,Sharjah
"n/a Dayd, Al Bustan Al",Dhaid,Sharjah
"n/a Dayd, Al Hasan Al",Dhaid,Sharjah
"n/a Dayd, Al Sharaya Al",Dhaid,Sharjah
"n/a Dayd, Al Suwaiah Al",Dhaid,Sharjah
"n/a Dayd, Al Tayebah Al",Dhaid,Sharjah
"n/a Dayd, Lubsah Camel Race Track Al",Dhaid,Sharjah
n/a `Ayal Nasir,Dubai,Dubai
n/a `Ud al Bayda',Dubai,Dubai
n/a `Urqub Juwayza,Dubai,Dubai
n/a Abu Hail,Dubai,Dubai
n/a Abu Hayl,Dubai,Dubai
n/a Academic City,Dubai,Dubai
n/a Ad Daghayah,Dubai,Dubai
n/a Airport Free Zone,Dubai,Dubai
n/a Al `Usbij,Dubai,Dubai
n/a Al Aweer,Dubai,Dubai
n/a Al Awir,Dubai,Dubai
n/a Al Bada,Dubai,Dubai
n/a Al Bada'a,Dubai,Dubai
n/a Al Baharnah,Dubai,Dubai
n/a Al Balush,Dubai,Dubai
n/a Al Baraha,Dubai,Dubai
n/a Al Barahah,Dubai,Dubai
n/a Al Barari,Dubai,Dubai
n/a Al Barsha 1,Dubai,Dubai
n/a Al Barsha 2,Dubai,Dubai
n/a Al Barsha 3,Dubai,Dubai
n/a Al Barsha First,Dubai,Dubai
n/a Al Barshaa Second,Dubai,Dubai
n/a Al Barshaa Third,Dubai,Dubai
n/a Al Faq`,Dubai,Dubai
n/a Al Furjan,Dubai,Dubai
n/a Al Garhoud,Dubai,Dubai
n/a Al Goze Industrial District,Dubai,Dubai
n/a Al Hajarayn,Dubai,Dubai
n/a Al Hamriyah,Dubai,Dubai
n/a Al Hudaba,Dubai,Dubai
n/a Al Hudaiba,Dubai,Dubai
n/a Al Hudaybah,Dubai,Dubai
n/a Al Jaddaf,Dubai,Dubai
n/a Al Jafiliya,Dubai,Dubai
n/a Al Jafliya,Dubai,Dubai
n/a Al Karama,Dubai,Dubai
n/a Al Khabasi,Dubai,Dubai
n/a Al Khabeesi,Dubai,Dubai
n/a Al Khawanij,Dubai,Dubai
n/a Al Kifaf,Dubai,Dubai
n/a Al Lusayli,Dubai,Dubai
n/a Al Mahra,Dubai,Dubai
n/a Al Manara,Dubai,Dubai
n/a Al Mankhool,Dubai,Dubai
n/a Al Marqadh,Dubai,Dubai
n/a Al Matinah,Dubai,Dubai
n/a Al Mina,Dubai,Dubai
n/a Al Mizhar,Dubai,Dubai
n/a Al Mizhar 1,Dubai,Dubai
n/a Al Mizhar 2,Dubai,Dubai
n/a Al Muhaisnah,Dubai,Dubai
n/a Al Muraqqabat,Dubai,Dubai
n/a Al Murar,Dubai,Dubai
n/a Al Murar al Jadid,Dubai,Dubai
n/a Al Murar al Qadim,Dubai,Dubai
n/a Al Musalla,Dubai,Dubai
n/a Al Nahda,Dubai,Dubai
n/a Al Qawz,Dubai,Dubai
n/a Al Quoz,Dubai,Dubai
n/a Al Quoz Industrial Area 1,Dubai,Dubai
n/a Al Quoz Industrial Area 2,Dubai,Dubai
n/a Al Quoz Industrial Area 3,Dubai,Dubai
n/a Al Quoz Industrial Area 4,Dubai,Dubai
n/a Al Qusais 1,Dubai,Dubai
n/a Al Qusais 2,Dubai,Dubai
n/a Al Qusais 3,Dubai,Dubai
n/a Al Qusais First,Dubai,Dubai
n/a Al Qusais Industrial Area Second,Dubai,Dubai
n/a Al Qusais Second,Dubai,Dubai
n/a Al Qusais Third,Dubai,Dubai
n/a Al Qusays,Dubai,Dubai
n/a Al Raffa,Dubai,Dubai
n/a Al Ras,Dubai,Dubai
n/a Al Rashidiya,Dubai,Dubai
n/a Al Reem 1,Dubai,Dubai
n/a Al Reem 2,Dubai,Dubai
n/a Al Reem 3,Dubai,Dubai
n/a Al Rigga,Dubai,Dubai
n/a Al Safa 1,Dubai,Dubai
n/a Al Safa 2,Dubai,Dubai
n/a Al Saffa First,Dubai,Dubai
n/a Al Saffa Second,Dubai,Dubai
n/a Al Safouh First,Dubai,Dubai
n/a Al Satwa,Dubai,Dubai
n/a Al Shindagah,Dubai,Dubai
n/a Al Sufouh 2,Dubai,Dubai
n/a Al Twar 1,Dubai,Dubai
n/a Al Twar 2,Dubai,Dubai
n/a Al Twar 3,Dubai,Dubai
n/a Al Twar First,Dubai,Dubai
n/a AL Twar Second,Dubai,Dubai
n/a Al Waha Villas 1,Dubai,Dubai
n/a Al Waha Villas 2,Dubai,Dubai
n/a Al Waheda,Dubai,Dubai
n/a Al Warq'a 5,Dubai,Dubai
n/a Al Warqa'a,Dubai,Dubai
n/a Al Wasl,Dubai,Dubai
n/a Al Wuheida,Dubai,Dubai
n/a Alma,Dubai,Dubai
n/a Alvorada,Dubai,Dubai
n/a An Nakhl,Dubai,Dubai
n/a Ar Ra's,Dubai,Dubai
n/a Ar Rashidiyah,Dubai,Dubai
n/a Ar Rifa`ah,Dubai,Dubai
n/a Ar Riqqah,Dubai,Dubai
n/a Ar Riqqah Gharb,Dubai,Dubai
n/a Ar Riqqah Sharq,Dubai,Dubai
n/a Arabian Ranches,Dubai,Dubai
n/a Armada towers,Dubai,Dubai
n/a As Sabkhah,Dubai,Dubai
n/a As Safa,Dubai,Dubai
n/a As Satwah,Dubai,Dubai
n/a Ash Shamal,Dubai,Dubai
n/a Ash Shindaghah,Dubai,Dubai
n/a At Tawar,Dubai,Dubai
n/a Bawadi,Dubai,Dubai
n/a Bu Kadra,Dubai,Dubai
n/a Bur Dubai,Dubai,Dubai
n/a Bur Sa`id,Dubai,Dubai
n/a Burj Nahar,Dubai,Dubai
n/a Business Bay,Dubai,Dubai
n/a Carmen Village,Dubai,Dubai
n/a City of Arabia,Dubai,Dubai
n/a Corniche Deira,Dubai,Dubai
n/a Culture Village,Dubai,Dubai
n/a Dawwar Burj Nahar,Dubai,Dubai
n/a Dayrah,Dubai,Dubai
n/a Deira,Dubai,Dubai
n/a Discovery Gardens,Dubai,Dubai
n/a Downtown Burj Khalifa,Dubai,Dubai
n/a Dubai Aid City,Dubai,Dubai
n/a Dubai Airport Freezone Area,Dubai,Dubai
n/a Dubai Autodrome,Dubai,Dubai
n/a Dubai Festival City,Dubai,Dubai
n/a Dubai Healthcare City,Dubai,Dubai
n/a Dubai Industrial City,Dubai,Dubai
n/a Dubai International Financial Centre,Dubai,Dubai
n/a Dubai International Media Production Zone (IMPZ),Dubai,Dubai
n/a Dubai Internet City,Dubai,Dubai
n/a Dubai Investment Park,Dubai,Dubai
n/a Dubai Land,Dubai,Dubai
n/a Dubai Life Style City,Dubai,Dubai
n/a Dubai Marina,Dubai,Dubai
n/a Dubai Media City,Dubai,Dubai
n/a Dubai Pearl,Dubai,Dubai
n/a Dubai Promenade,Dubai,Dubai
n/a Dubai Silicon Oasis,Dubai,Dubai
n/a Dubai Studio City,Dubai,Dubai
n/a Dubai Studio City 1,Dubai,Dubai
n/a Dubai Waterfront,Dubai,Dubai
n/a Dubai World Central,Dubai,Dubai
n/a DuBiotech,Dubai,Dubai
n/a Emirates Hill First,Dubai,Dubai
n/a Emirates Hill Second,Dubai,Dubai
n/a Emirates Hill Third,Dubai,Dubai
n/a Emirates Hills,Dubai,Dubai
n/a Estella Village,Dubai,Dubai
n/a Falcon City of Wonders,Dubai,Dubai
n/a Ferij al Muhadham,Dubai,Dubai
n/a Global Village,Dubai,Dubai
n/a Green Community,Dubai,Dubai
n/a Green Community Motor City,Dubai,Dubai
n/a Green Community West,Dubai,Dubai
n/a Greens,Dubai,Dubai
n/a Hamriyah,Dubai,Dubai
n/a Hatta,Dubai,Dubai
n/a Hattan,Dubai,Dubai
n/a Hawr al `Anz,Dubai,Dubai
n/a Hayl,Dubai,Dubai
n/a Hayy al Bastakiyah,Dubai,Dubai
n/a Healthcare City,Dubai,Dubai
n/a Hor Al Anz,Dubai,Dubai
n/a Hor Al Anz East,Dubai,Dubai
n/a Hunaywah,Dubai,Dubai
n/a Industrial Area 15,Dubai,Dubai
n/a Industrial Area 17,Dubai,Dubai
n/a International City,Dubai,Dubai
n/a International City (Phase 2),Dubai,Dubai
n/a International Media Production Zone (IMPZ),Dubai,Dubai
n/a Jaddaf,Dubai,Dubai
n/a Jebel Ali Village,Dubai,Dubai
n/a Jumayra,Dubai,Dubai
n/a Jumeira Second,Dubai,Dubai
n/a Jumeira Third,Dubai,Dubai
n/a Jumeirah,Dubai,Dubai
n/a Jumeirah 1,Dubai,Dubai
n/a Jumeirah 2,Dubai,Dubai
n/a Jumeirah Beach Residence (JBR),Dubai,Dubai
n/a Jumeirah Golf Estates,Dubai,Dubai
n/a Jumeirah Heights,Dubai,Dubai
n/a Jumeirah Islands,Dubai,Dubai
n/a Jumeirah Lakes Towers,Dubai,Dubai
n/a Jumeirah Park,Dubai,Dubai
n/a Jumeirah Village,Dubai,Dubai
n/a Karama,Dubai,Dubai
n/a Knowledge Village,Dubai,Dubai
n/a Kurnish,Dubai,Dubai
n/a La Colleccion,Dubai,Dubai
n/a Lahbab,Dubai,Dubai
n/a Legends,Dubai,Dubai
n/a Liwan,Dubai,Dubai
n/a M Z Faraidooni (MZF Al Kabhessi),Dubai,Dubai
n/a Ma`sharat al Baharnah,Dubai,Dubai
n/a Madinat Badr,Dubai,Dubai
n/a Majan,Dubai,Dubai
n/a Mankhul,Dubai,Dubai
n/a Margham,Dubai,Dubai
n/a Maritime City,Dubai,Dubai
n/a Masfut,Dubai,Dubai
n/a Meydan,Dubai,Dubai
n/a Meydan City,Dubai,Dubai
n/a Mintaqat as Suq,Dubai,Dubai
n/a Mintaqat Dubayy at Ta`limiyah,Dubai,Dubai
n/a Mirador,Dubai,Dubai
n/a Mirdif,Dubai,Dubai
n/a Motor City,Dubai,Dubai
n/a Mudon,Dubai,Dubai
n/a Muhaisanah Fourth,Dubai,Dubai
n/a Muhaisanah Second,Dubai,Dubai
n/a Muhaisanah Third,Dubai,Dubai
n/a Muhaisnah 1,Dubai,Dubai
n/a Muhaisnah 2,Dubai,Dubai
n/a Muhaysnah,Dubai,Dubai
n/a Muhaysnah Shamal,Dubai,Dubai
n/a Murrquab,Dubai,Dubai
n/a Mushrif,Dubai,Dubai
n/a Mushrif Park,Dubai,Dubai
n/a Muteena,Dubai,Dubai
n/a Nad Al Hammar,Dubai,Dubai
n/a Nad Al Sheba,Dubai,Dubai
n/a Nad Al Sheba 2,Dubai,Dubai
n/a Nadd al Humr,Dubai,Dubai
n/a Nadd Al Sheba 3,Dubai,Dubai
n/a Nadd Al Sheba 4,Dubai,Dubai
n/a Nadd ash Shiba,Dubai,Dubai
n/a Nayf,Dubai,Dubai
n/a Oud Al Muteena,Dubai,Dubai
n/a Oud Metha,Dubai,Dubai
n/a Palm Jebel Ali,Dubai,Dubai
n/a Palm Jumeirah,Dubai,Dubai
n/a Palmera,Dubai,Dubai
n/a Plantation Equestrian and Polo Club,Dubai,Dubai
n/a Port Saeed,Dubai,Dubai
n/a Qaraytaysah,Dubai,Dubai
n/a Qimah,Dubai,Dubai
n/a Ras Al Khor,Dubai,Dubai
n/a Ras Al Khor Industrial Area 1,Dubai,Dubai
n/a Ras Al Khor Industrial Area 2,Dubai,Dubai
n/a Ras Al Khor Industrial Area 3,Dubai,Dubai
n/a Remraam,Dubai,Dubai
n/a Riqqah al Butayn,Dubai,Dubai
n/a Saheel,Dubai,Dubai
n/a Satwa,Dubai,Dubai
n/a Savannah,Dubai,Dubai
n/a Sharjah Industrial Area 11,Dubai,Dubai
n/a Sikkat al Khayl,Dubai,Dubai
n/a Sports City,Dubai,Dubai
n/a Sufayri,Dubai,Dubai
n/a Tawi as Saygh,Dubai,Dubai
n/a Technology Park,Dubai,Dubai
n/a Tecom,Dubai,Dubai
n/a Terra Nova,Dubai,Dubai
n/a The Gardens,Dubai,Dubai
n/a The Lagoons,Dubai,Dubai
n/a The Lakes,Dubai,Dubai
n/a The Meadows,Dubai,Dubai
n/a The Meadows 5,Dubai,Dubai
n/a The Springs,Dubai,Dubai
n/a The Tiger Woods Dubai,Dubai,Dubai
n/a The Views,Dubai,Dubai
n/a The Villa,Dubai,Dubai
n/a The World Islands,Dubai,Dubai
n/a Tilal Dubai,Dubai,Dubai
n/a Um Al Sheif,Dubai,Dubai
n/a Um Suqaim Second,Dubai,Dubai
n/a Umm Al Sheif,Dubai,Dubai
n/a Umm Hurair 1,Dubai,Dubai
n/a Umm Hurair 2,Dubai,Dubai
n/a Umm Hurayr,Dubai,Dubai
n/a Umm Ramool,Dubai,Dubai
n/a Umm Suqaym,Dubai,Dubai
n/a Umm Suqueim 1,Dubai,Dubai
n/a Umm Suqueim 2,Dubai,Dubai
n/a Umm Suqueim 3,Dubai,Dubai
n/a Up Town Motor City,Dubai,Dubai
n/a Victory Heights,Dubai,Dubai
n/a Warisan,Dubai,Dubai
n/a Warsan,Dubai,Dubai
n/a Warsan 1,Dubai,Dubai
n/a Warsan 2,Dubai,Dubai
n/a World Trade Center,Dubai,Dubai
n/a Zabeel 1,Dubai,Dubai
n/a Zabeel First,Dubai,Dubai
n/a Zaribat Dawiy,Dubai,Dubai
n/a Falaj Al Mualla Falaj Al Moalla Umm,Al,Quwain
n/a `Abadilah,Fujairah,Fujairah
n/a `Akamiyah,Fujairah,Fujairah
n/a `Aqqah,Fujairah,Fujairah
n/a `Asamah,Fujairah,Fujairah
n/a `Ashashah,Fujairah,Fujairah
n/a `Uqayr,Fujairah,Fujairah
n/a Afarah,Fujairah,Fujairah
n/a Al `Awdah,Fujairah,Fujairah
n/a Al `Ayn al Ghumur,Fujairah,Fujairah
n/a Al `Uyaynah,Fujairah,Fujairah
n/a Al Aqah,Fujairah,Fujairah
n/a Al Fuqait,Fujairah,Fujairah
n/a Al Ghurfa,Fujairah,Fujairah
n/a Al Ghurfah,Fujairah,Fujairah
n/a Al Gissemari,Fujairah,Fujairah
n/a Al Halah,Fujairah,Fujairah
n/a Al Hayl,Fujairah,Fujairah
n/a Al Hinya,Fujairah,Fujairah
n/a Al Kubus,Fujairah,Fujairah
n/a Al Manamah,Fujairah,Fujairah
n/a Al Qurayyah,Fujairah,Fujairah
n/a Ar Rul,Fujairah,Fujairah
n/a Badiyah,Fujairah,Fujairah
n/a Bethna,Fujairah,Fujairah
n/a Bitnah,Fujairah,Fujairah
n/a Blaydah,Fujairah,Fujairah
n/a Corniche,Fujairah,Fujairah
n/a Dab`ah,Fujairah,Fujairah
n/a Dadna,Fujairah,Fujairah
n/a Daftah,Fujairah,Fujairah
n/a Dahir,Fujairah,Fujairah
n/a Diba,Fujairah,Fujairah
n/a Dibba,Fujairah,Fujairah
n/a Dub,Fujairah,Fujairah
n/a Falakh,Fujairah,Fujairah
n/a Faqi,Fujairah,Fujairah
n/a Far`ah,Fujairah,Fujairah
n/a Friday Market,Fujairah,Fujairah
n/a Fujairah,Fujairah,Fujairah
n/a Ghamarah,Fujairah,Fujairah
n/a Ghayl,Fujairah,Fujairah
n/a Ghurfah,Fujairah,Fujairah
n/a Girath,Fujairah,Fujairah
n/a Haqil,Fujairah,Fujairah
n/a Harat Zutut,Fujairah,Fujairah
n/a Harrah,Fujairah,Fujairah
n/a Hatiyah,Fujairah,Fujairah
n/a Hayat,Fujairah,Fujairah
n/a Jabal Qurayyah,Fujairah,Fujairah
n/a Jareef,Fujairah,Fujairah
n/a Kalba,Fujairah,Fujairah
n/a Khalba,Fujairah,Fujairah
n/a Khawr Kalba,Fujairah,Fujairah
n/a Khor Khalba,Fujairah,Fujairah
n/a Khulaybiyah,Fujairah,Fujairah
n/a Maidaq,Fujairah,Fujairah
n/a Masafi,Fujairah,Fujairah
"n/a Masafi, Fruit and Vegetables Market",Fujairah,Fujairah
n/a Mawrid,Fujairah,Fujairah
n/a Maydaq,Fujairah,Fujairah
"n/a Merbah, Fujairah",Fujairah,Fujairah
n/a Minazif,Fujairah,Fujairah
n/a Mu`taridah,Fujairah,Fujairah
n/a Mukhtaraqah,Fujairah,Fujairah
n/a Murbad,Fujairah,Fujairah
n/a Murbah,Fujairah,Fujairah
n/a Murrah,Fujairah,Fujairah
n/a Nuhayy,Fujairah,Fujairah
n/a Osfai,Fujairah,Fujairah
n/a Qidfa,Fujairah,Fujairah
n/a Ras Dibba,Fujairah,Fujairah
n/a Riyamah,Fujairah,Fujairah
n/a Rughaylat,Fujairah,Fujairah
n/a Rul Dadna,Fujairah,Fujairah
n/a Safad,Fujairah,Fujairah
n/a Sa'if,Fujairah,Fujairah
n/a Saqamqam,Fujairah,Fujairah
n/a Sharm,Fujairah,Fujairah
n/a Shawiyah,Fujairah,Fujairah
n/a Siji,Fujairah,Fujairah
n/a Sinnah,Fujairah,Fujairah
n/a Sram,Fujairah,Fujairah
n/a Sumbrair,Fujairah,Fujairah
n/a Sur,Fujairah,Fujairah
n/a Tarif Kalba,Fujairah,Fujairah
n/a Tariqat Ja`d,Fujairah,Fujairah
n/a Tawi Siji,Fujairah,Fujairah
n/a Tawian,Fujairah,Fujairah
n/a Tayyibah,Fujairah,Fujairah
n/a Teba,Fujairah,Fujairah
n/a Theeb,Fujairah,Fujairah
n/a Thoban,Fujairah,Fujairah
n/a Wa`bayn,Fujairah,Fujairah
n/a Wahala,Fujairah,Fujairah
n/a Wamm,Fujairah,Fujairah
n/a Yalah,Fujairah,Fujairah
n/a Zanhah,Fujairah,Fujairah
n/a Zikt,Fujairah,Fujairah
"n/a Hatta, Friday Market",Hatta,Dubai
"n/a Hatta, Hatta Stadium",Hatta,Dubai
"n/a Hatta, Khansaheb Camel Track",Hatta,Dubai
n/a Kalba,Kalba,Sharjah
"n/a Kalba, Al Aoud",Kalba,Sharjah
"n/a Kalba, Al Baraha",Kalba,Sharjah
"n/a Kalba, Al Bateen",Kalba,Sharjah
"n/a Kalba, Al Bridi",Kalba,Sharjah
"n/a Kalba, Al Mafraq",Kalba,Sharjah
"n/a Kalba, Al Nighala",Kalba,Sharjah
"n/a Kalba, Al Qadsia",Kalba,Sharjah
"n/a Kalba, Al Qual'aa",Kalba,Sharjah
"n/a Kalba, Al Sidrah",Kalba,Sharjah
"n/a Kalba, Industrial Area",Kalba,Sharjah
n/a Khawr Kalba,Kalba,Sharjah
n/a Wadi Hilo,Kalba,Sharjah
n/a Abu Dhabi Cricket Stadium Khalifa A,Abu,Dhabi
n/a Abu Dhabi Golf Club Khalifa A,Abu,Dhabi
n/a Khalifa A Khalifa A,Abu,Dhabi
n/a Al Lou'aluo'ayyah Khor Fakkan,Town,Sharjah
"n/a Al Lou'aluo'ayyah, Stadium Sports Club Pterygium Khor Fakkan",Town,Sharjah
n/a Khawr Fakkan Khor Fakkan,Town,Sharjah
"n/a Khawr Fakkan, Al Bridi Khor Fakkan",Town,Sharjah
"n/a Khawr Fakkan, Al Khaledya Khor Fakkan",Town,Sharjah
"n/a Khawr Fakkan, Al Rifa'a Khor Fakkan",Town,Sharjah
"n/a Khawr Fakkan, Al Sharq Khor Fakkan",Town,Sharjah
"n/a Khawr Fakkan, Al Suwan Camel Track Khor Fakkan",Town,Sharjah
"n/a Khawr Fakkan, Al Yarmook Khor Fakkan",Town,Sharjah
"n/a Khawr Fakkan, Fort Hatta Khor Fakkan",Town,Sharjah
"n/a Khawr Fakkan, Hawaya Khor Fakkan",Town,Sharjah
"n/a Khawr Fakkan, Hutain Khor Fakkan",Town,Sharjah
"n/a Khawr Fakkan, Vegetable and Fruits Market Khor Fakkan",Town,Sharjah
n/a Zubarah Khor Fakkan,Town,Sharjah
n/a Manama,Manama,Ajman
"n/a Manama, Al Aswaq Hayper Market",Manama,Ajman
n/a Goal,Masfut,Ajman
n/a Masfut,Masfut,Ajman
n/a Mazeira,Masfut,Ajman
n/a Mazyad Mall Mussafah East,Abu,Dhabi
n/a Mohammed Bin Zayed City Mussafah East,Abu,Dhabi
n/a Old Ras Al Khaimah Old Ras Al Khaimah Ras,Al,Khaimah
"n/a Old Ras Al Khaimah, Al Waha Trading Market Old Ras Al Khaimah Ras",Al,Khaimah
"n/a Old Ras Al Khaimah, Bin Dahur Centre Old Ras Al Khaimah Ras",Al,Khaimah
n/a `Ayim Ras Al Khaimah Ras,Al,Khaimah
n/a `Uraybi Ras Al Khaimah Ras,Al,Khaimah
n/a Adh Dharbaniyah Ras Al Khaimah Ras,Al,Khaimah
n/a Adhan Ras Al Khaimah Ras,Al,Khaimah
n/a Al Fahlayn Ras Al Khaimah Ras,Al,Khaimah
n/a Al Fara` Ras Al Khaimah Ras,Al,Khaimah
n/a Al Fay` Ras Al Khaimah Ras,Al,Khaimah
n/a Al Fulayyah Ras Al Khaimah Ras,Al,Khaimah
n/a Al Ghabah Ras Al Khaimah Ras,Al,Khaimah
n/a Al Ghabam Ras Al Khaimah Ras,Al,Khaimah
n/a Al Ghail Ras Al Khaimah Ras,Al,Khaimah
n/a Al Ghashban Ras Al Khaimah Ras,Al,Khaimah
n/a Al Hamra Village Ras Al Khaimah Ras,Al,Khaimah
n/a Al Hamraniyah Ras Al Khaimah Ras,Al,Khaimah
n/a Al Hayr Ras Al Khaimah Ras,Al,Khaimah
n/a Al Hulaylah Ras Al Khaimah Ras,Al,Khaimah
n/a Al Jaddah Ras Al Khaimah Ras,Al,Khaimah
n/a Al Jazirah al Hamra' Ras Al Khaimah Ras,Al,Khaimah
n/a Al Jazirah Aviation Club Ras Al Khaimah Ras,Al,Khaimah
n/a Al Khari Ras Al Khaimah Ras,Al,Khaimah
n/a Al Khashfah Ras Al Khaimah Ras,Al,Khaimah
n/a Al Mahamm Ras Al Khaimah Ras,Al,Khaimah
n/a Al Mamorah Ras Al Khaimah Ras,Al,Khaimah
n/a Al Marjan Island Ras Al Khaimah Ras,Al,Khaimah
n/a Al Masafirah Ras Al Khaimah Ras,Al,Khaimah
n/a Al Mu`amurah Ras Al Khaimah Ras,Al,Khaimah
n/a Al Qir Ras Al Khaimah Ras,Al,Khaimah
n/a Al Quwayz Ras Al Khaimah Ras,Al,Khaimah
n/a Al Ramms Ras Al Khaimah Ras,Al,Khaimah
n/a Al Riffa Ras Al Khaimah Ras,Al,Khaimah
n/a Al Usayli Ras Al Khaimah Ras,Al,Khaimah
n/a An Nakhil Ras Al Khaimah Ras,Al,Khaimah
n/a Ar Rams Ras Al Khaimah Ras,Al,Khaimah
n/a As Sur Ras Al Khaimah Ras,Al,Khaimah
n/a Ash Sha`m Ras Al Khaimah Ras,Al,Khaimah
n/a Athabat Ras Al Khaimah Ras,Al,Khaimah
n/a Baqal Ras Al Khaimah Ras,Al,Khaimah
n/a Bida Ras Al Khaimah Ras,Al,Khaimah
n/a Bidiyah Ras Al Khaimah Ras,Al,Khaimah
n/a Bulaydah Ras Al Khaimah Ras,Al,Khaimah
n/a Corniche Ras Al Khaimah Ras,Al,Khaimah
n/a Creek Ras Al Khaimah Ras,Al,Khaimah
n/a Daftah Ras Al Khaimah Ras,Al,Khaimah
n/a Darah Ras Al Khaimah Ras,Al,Khaimah
n/a Dayah Ras Al Khaimah Ras,Al,Khaimah
n/a Daynah Ras Al Khaimah Ras,Al,Khaimah
n/a Dhad al Arab Ras Al Khaimah Ras,Al,Khaimah
n/a Difan Ras Al Khaimah Ras,Al,Khaimah
n/a Dihan Ras Al Khaimah Ras,Al,Khaimah
n/a Diqdaqah Ras Al Khaimah Ras,Al,Khaimah
n/a Diqdaqah Ras Al Khaimah Ras,Al,Khaimah
"n/a Diqdaqah, Al Waha Centre Ras Al Khaimah Ras",Al,Khaimah
n/a eXmajor Hangar Ras Al Khaimah Ras,Al,Khaimah
n/a Fashrah Ras Al Khaimah Ras,Al,Khaimah
n/a Fa'y Ras Al Khaimah Ras,Al,Khaimah
n/a Fayyad Ras Al Khaimah Ras,Al,Khaimah
n/a Financial City (DIFC) Ras Al Khaimah Ras,Al,Khaimah
n/a Furfar Ras Al Khaimah Ras,Al,Khaimah
n/a Ghadf Ras Al Khaimah Ras,Al,Khaimah
n/a Ghaghah Ras Al Khaimah Ras,Al,Khaimah
n/a Ghalilah Ras Al Khaimah Ras,Al,Khaimah
n/a Ghayl Ras Al Khaimah Ras,Al,Khaimah
n/a Ghubb Ras Al Khaimah Ras,Al,Khaimah
n/a Ghubbat Khawrah Ras Al Khaimah Ras,Al,Khaimah
n/a Ghurah Ras Al Khaimah Ras,Al,Khaimah
n/a Gragrah Ras Al Khaimah Ras,Al,Khaimah
n/a Habhab Ras Al Khaimah Ras,Al,Khaimah
n/a Ham Ham Ras Al Khaimah Ras,Al,Khaimah
n/a Hamra' Al Jazirah al Ras Al Khaimah Ras,Al,Khaimah
n/a Harat `Awali Ras Al Khaimah Ras,Al,Khaimah
n/a Hayl Ras Al Khaimah Ras,Al,Khaimah
n/a Homraniya Ras Al Khaimah Ras,Al,Khaimah
n/a Hudaybah Ras Al Khaimah Ras,Al,Khaimah
n/a Huwaylat Ras Al Khaimah Ras,Al,Khaimah
n/a Industrial and Technology Park Ras Al Khaimah Ras,Al,Khaimah
n/a Jazirat al Hamra' Ras Al Khaimah Ras,Al,Khaimah
"n/a Jazirat al Hamra', Beach Centre Ras Al Khaimah Ras",Al,Khaimah
"n/a Jazirat al Hamra', Hatta Fort Golf Course Ras Al Khaimah Ras",Al,Khaimah
n/a Khabakhib Ras Al Khaimah Ras,Al,Khaimah
n/a Kharran Ras Al Khaimah Ras,Al,Khaimah
n/a Khatt Ras Al Khaimah Ras,Al,Khaimah
n/a Khawr Khuwayr Ras Al Khaimah Ras,Al,Khaimah
n/a Khazam Ras Al Khaimah Ras,Al,Khaimah
n/a Kub Ras Al Khaimah Ras,Al,Khaimah
n/a Ma`ali Ras Al Khaimah Ras,Al,Khaimah
n/a Maghribiyah Ras Al Khaimah Ras,Al,Khaimah
n/a Manqashah Ras Al Khaimah Ras,Al,Khaimah
n/a Marhamid Ras Al Khaimah Ras,Al,Khaimah
n/a Masafi Ras Al Khaimah Ras,Al,Khaimah
"n/a Masafi, Ras Al Khaimah Ras",Al,Khaimah
n/a Masah Ras Al Khaimah Ras,Al,Khaimah
n/a Mina Al Arab Ras Al Khaimah Ras,Al,Khaimah
n/a Minha Ras Al Khaimah Ras,Al,Khaimah
n/a Mu`ayrid Ras Al Khaimah Ras,Al,Khaimah
n/a Munay`i Ras Al Khaimah Ras,Al,Khaimah
n/a Muraytah Ras Al Khaimah Ras,Al,Khaimah
n/a New Hangar Zebra VON Ras Al Khaimah Ras,Al,Khaimah
n/a Qabas Ras Al Khaimah Ras,Al,Khaimah
n/a Qaf'ah Ras Al Khaimah Ras,Al,Khaimah
n/a Qarat ad Dum Ras Al Khaimah Ras,Al,Khaimah
n/a Quar Ah Qahlish Ras Al Khaimah Ras,Al,Khaimah
n/a Qur Ras Al Khaimah Ras,Al,Khaimah
n/a Qurm Ras Al Khaimah Ras,Al,Khaimah
n/a Qusaydat Ras Al Khaimah Ras,Al,Khaimah
n/a Rafaq Ras Al Khaimah Ras,Al,Khaimah
n/a RAK airport Ras Al Khaimah Ras,Al,Khaimah
n/a Ramlah Ras Al Khaimah Ras,Al,Khaimah
n/a Rams Ras Al Khaimah Ras,Al,Khaimah
n/a Ras Al Khaimah Ras Al Khaimah Ras,Al,Khaimah
n/a Ras al Khaimah Ras Al Khaimah Ras,Al,Khaimah
"n/a Ras al Khaimah, Al Dour Archaeological Site Ras Al Khaimah Ras",Al,Khaimah
"n/a Ras al Khaimah, Al Safeer Shopping Center Ras Al Khaimah Ras",Al,Khaimah
"n/a Ras al Khaimah, Emirates Cultural Sport Club Ras Al Khaimah Ras",Al,Khaimah
"n/a Ras al Khaimah, Emirates Pearls Markets Ras Al Khaimah Ras",Al,Khaimah
"n/a Ras al Khaimah, Fish Market Ras Al Khaimah Ras",Al,Khaimah
"n/a Ras al Khaimah, Madinet Zayed Camel Race Track Ras Al Khaimah Ras",Al,Khaimah
"n/a Ras al Khaimah, Mdinet Zayed Market Ras Al Khaimah Ras",Al,Khaimah
"n/a Ras al Khaimah, Rak Trading Mall Ras Al Khaimah Ras",Al,Khaimah
"n/a Ras al Khaimah, Safeer Mall Ras Al Khaimah Ras",Al,Khaimah
"n/a Ras al Khaimah, Saif Al Shawi Ras Al Khaimah Ras",Al,Khaimah
n/a Rima Ras Al Khaimah Ras,Al,Khaimah
n/a Sal Dora Ras Al Khaimah Ras,Al,Khaimah
n/a Salihiyah Ras Al Khaimah Ras,Al,Khaimah
n/a Samarat Ras Al Khaimah Ras,Al,Khaimah
n/a Saraya Islands Ras Al Khaimah Ras,Al,Khaimah
n/a Sayh Ras Al Khaimah Ras,Al,Khaimah
n/a Sayh as Saqlah Ras Al Khaimah Ras,Al,Khaimah
n/a Sha`biyat Naslah Ras Al Khaimah Ras,Al,Khaimah
n/a Shabakah Ras Al Khaimah Ras,Al,Khaimah
n/a Shah Ras Al Khaimah Ras,Al,Khaimah
n/a Shahawat Ras Al Khaimah Ras,Al,Khaimah
n/a Shariyah Ras Al Khaimah Ras,Al,Khaimah
n/a Sharyat Ras Al Khaimah Ras,Al,Khaimah
n/a Shawkah Ras Al Khaimah Ras,Al,Khaimah
n/a Shimal Ras Al Khaimah Ras,Al,Khaimah
n/a Stan Ras Al Khaimah Ras,Al,Khaimah
n/a Suhaybah Ras Al Khaimah Ras,Al,Khaimah
n/a Wad Wid Ras Al Khaimah Ras,Al,Khaimah
n/a Waterfront Ras Al Khaimah Ras,Al,Khaimah
n/a Wayb Hawf Ras Al Khaimah Ras,Al,Khaimah
n/a Yasmin Village Ras Al Khaimah Ras,Al,Khaimah
n/a Yinas Ras Al Khaimah Ras,Al,Khaimah
n/a Abu Sangara,Sharjah,Sharjah
n/a Adh Dhayd,Sharjah,Sharjah
n/a Al Aber,Sharjah,Sharjah
n/a Al Ardiyah,Sharjah,Sharjah
n/a Al Azrra,Sharjah,Sharjah
n/a Al Brashi,Sharjah,Sharjah
n/a Al Butina,Sharjah,Sharjah
n/a Al Darrare,Sharjah,Sharjah
n/a Al Dhaid,Sharjah,Sharjah
n/a Al Fallaj,Sharjah,Sharjah
n/a Al Fayha,Sharjah,Sharjah
n/a AL Ghafiya,Sharjah,Sharjah
n/a Al Ghuhaiba,Sharjah,Sharjah
n/a Al Ghuwair,Sharjah,Sharjah
n/a Al Goaz,Sharjah,Sharjah
n/a Al Hamriyah,Sharjah,Sharjah
n/a Al Hawayah,Sharjah,Sharjah
n/a Al Hayrah,Sharjah,Sharjah
n/a Al Hazana,Sharjah,Sharjah
n/a Al Heera Suburb,Sharjah,Sharjah
n/a Al Hutain,Sharjah,Sharjah
n/a Al Jazzat,Sharjah,Sharjah
n/a Al Khabba,Sharjah,Sharjah
n/a Al Khaildia Suburb,Sharjah,Sharjah
n/a Al Khaldeia,Sharjah,Sharjah
n/a Al Khan,Sharjah,Sharjah
n/a Al Khouzamiya,Sharjah,Sharjah
n/a Al Madam,Sharjah,Sharjah
n/a Al Mahatah,Sharjah,Sharjah
n/a Al Majaz,Sharjah,Sharjah
n/a Al Malaiha,Sharjah,Sharjah
n/a Al Mamzar,Sharjah,Sharjah
n/a Al Mamzer,Sharjah,Sharjah
n/a Al Manakh,Sharjah,Sharjah
n/a Al Marijah,Sharjah,Sharjah
n/a Al Mirgab,Sharjah,Sharjah
n/a Al Mudaifi,Sharjah,Sharjah
n/a Al Mussalla,Sharjah,Sharjah
n/a Al Nabba,Sharjah,Sharjah
n/a Al Nahda 1,Sharjah,Sharjah
n/a Al Nahda 2,Sharjah,Sharjah
n/a Al Naimiya,Sharjah,Sharjah
n/a Al Nasserya,Sharjah,Sharjah
n/a Al nekhailat,Sharjah,Sharjah
n/a Al Nud,Sharjah,Sharjah
n/a Al Nujoom Islands,Sharjah,Sharjah
n/a Al Qadsia,Sharjah,Sharjah
n/a Al Qasba,Sharjah,Sharjah
n/a Al Qasemiya,Sharjah,Sharjah
n/a Al Qusais Industrial Area 1,Sharjah,Sharjah
n/a Al Qusais Industrial Area 3,Sharjah,Sharjah
n/a Al Rafee'a 1,Sharjah,Sharjah
n/a Al Ramaqia,Sharjah,Sharjah
n/a Al Ramla,Sharjah,Sharjah
n/a Al Ramla East,Sharjah,Sharjah
n/a AL Ramla West,Sharjah,Sharjah
n/a Al Ramtha,Sharjah,Sharjah
n/a Al Rifa,Sharjah,Sharjah
n/a Al Rifah,Sharjah,Sharjah
n/a Al Riqa Suburb,Sharjah,Sharjah
n/a Al Sajaa,Sharjah,Sharjah
n/a Al Shahab,Sharjah,Sharjah
n/a Al Sharq,Sharjah,Sharjah
n/a Al Shuwaiheen,Sharjah,Sharjah
n/a Al Subaikhi,Sharjah,Sharjah
n/a Al Swehat,Sharjah,Sharjah
n/a Al Talae,Sharjah,Sharjah
n/a Al Wahda,Sharjah,Sharjah
n/a Al Yarmook,Sharjah,Sharjah
n/a an-Nahwa,Sharjah,Sharjah
n/a Ar Rufaysah,Sharjah,Sharjah
n/a Ash Shu`ayb,Sharjah,Sharjah
n/a Atain,Sharjah,Sharjah
n/a Bu Danig,Sharjah,Sharjah
n/a Bu Tina,Sharjah,Sharjah
n/a Corniche Al Buhaira,Sharjah,Sharjah
n/a Eliash,Sharjah,Sharjah
n/a Etisalat,Sharjah,Sharjah
n/a Ghunah,Sharjah,Sharjah
n/a Hajar,Sharjah,Sharjah
n/a Hamriya,Sharjah,Sharjah
n/a Hamriyah Free Zone,Sharjah,Sharjah
n/a HANGAR AEROPRAKT A22 No220,Sharjah,Sharjah
n/a Hiyawah,Sharjah,Sharjah
n/a Hizayib az Zanah,Sharjah,Sharjah
n/a Huwayyah,Sharjah,Sharjah
n/a Industrial Area 13,Sharjah,Sharjah
n/a Industrial Area 18,Sharjah,Sharjah
n/a Khor Fakkan,Sharjah,Sharjah
n/a Layyah,Sharjah,Sharjah
n/a Lulayyah,Sharjah,Sharjah
n/a Madha,Sharjah,Sharjah
n/a Maysaloon,Sharjah,Sharjah
n/a Muelih,Sharjah,Sharjah
n/a Muwafjah,Sharjah,Sharjah
n/a Nahwa,Sharjah,Sharjah
n/a Nazwa,Sharjah,Sharjah
n/a Nedaifi,Sharjah,Sharjah
n/a New Shwaib,Sharjah,Sharjah
n/a Private airfield,Sharjah,Sharjah
n/a Rafa`,Sharjah,Sharjah
n/a Rolla Area,Sharjah,Sharjah
n/a Rollah Square,Sharjah,Sharjah
n/a Sa`d,Sharjah,Sharjah
n/a Sahanah,Sharjah,Sharjah
n/a Sajaa Industrial Area,Sharjah,Sharjah
n/a Samnan,Sharjah,Sharjah
n/a Saruj,Sharjah,Sharjah
n/a Shargan,Sharjah,Sharjah
n/a Sharjah,Sharjah,Sharjah
n/a Sharjah Airport Free Zone (SAIF),Sharjah,Sharjah
n/a Sharjah Industrial Area 1,Sharjah,Sharjah
n/a Sharjah Industrial Area 10,Sharjah,Sharjah
n/a Sharjah Industrial Area 12,Sharjah,Sharjah
n/a Sharjah Industrial Area 2,Sharjah,Sharjah
n/a Sharjah Industrial Area 3,Sharjah,Sharjah
n/a Sharjah Industrial Area 4,Sharjah,Sharjah
n/a Sharjah Industrial Area 5,Sharjah,Sharjah
n/a Sharjah Industrial Area 6,Sharjah,Sharjah
n/a Sharjah Industrial Area 7,Sharjah,Sharjah
n/a Sharjah Industrial Area 8,Sharjah,Sharjah
n/a Sharjah Industrial Area 9,Sharjah,Sharjah
n/a Shis,Sharjah,Sharjah
n/a Shwaib,Sharjah,Sharjah
n/a Tawi Bil Khabis,Sharjah,Sharjah
n/a Tawi Rashidia,Sharjah,Sharjah
n/a Tawi Zubair Hamriyah,Sharjah,Sharjah
n/a Turrfana,Sharjah,Sharjah
n/a Um Tarrafa,Sharjah,Sharjah
n/a Umm Khanoor,Sharjah,Sharjah
n/a Wadi Shi,Sharjah,Sharjah
n/a Wasit Suburb,Sharjah,Sharjah
n/a `Uwaynat Umm Al Quwain Umm,Al,Quwain
n/a Al `Adhib Umm Al Quwain Umm,Al,Quwain
n/a Al Abraq Umm Al Quwain Umm,Al,Quwain
n/a Al Azeeb Umm Al Quwain Umm,Al,Quwain
"n/a Al Azeeb, Al Khaleej Markets Umm Al Quwain Umm",Al,Quwain
n/a Al Biyatha Umm Al Quwain Umm,Al,Quwain
n/a Al Dar Al Baida - A Umm Al Quwain Umm,Al,Quwain
n/a Al Dar Al Baida - B Umm Al Quwain Umm,Al,Quwain
n/a Al Haditha Umm Al Quwain Umm,Al,Quwain
n/a Al Hamrah - B Umm Al Quwain Umm,Al,Quwain
n/a Al Hamrah - D Umm Al Quwain Umm,Al,Quwain
n/a Al Hawiyah Umm Al Quwain Umm,Al,Quwain
n/a Al Hazaywah Umm Al Quwain Umm,Al,Quwain
n/a Al Humrah - A Umm Al Quwain Umm,Al,Quwain
n/a Al Khor Umm Al Quwain Umm,Al,Quwain
n/a Al Labsah Umm Al Quwain Umm,Al,Quwain
n/a Al Limghadar Umm Al Quwain Umm,Al,Quwain
n/a Al Madar Umm Al Quwain Umm,Al,Quwain
n/a Al Maidan Umm Al Quwain Umm,Al,Quwain
n/a Al Quram Umm Al Quwain Umm,Al,Quwain
n/a Al Raafa Umm Al Quwain Umm,Al,Quwain
n/a Al Ra'as - A Umm Al Quwain Umm,Al,Quwain
n/a Al Ra'as - B Umm Al Quwain Umm,Al,Quwain
n/a Al Ra'as - C Umm Al Quwain Umm,Al,Quwain
n/a Al Ra'as - D Umm Al Quwain Umm,Al,Quwain
n/a Al Rashidiya Umm Al Quwain Umm,Al,Quwain
"n/a Al Rashidiya, Hamra Golf Club Umm Al Quwain Umm",Al,Quwain
"n/a Al Rashidiya, Sharjah Co-Operative Society Umm Al Quwain Umm",Al,Quwain
n/a Al Raudah Umm Al Quwain Umm,Al,Quwain
n/a Al Riqqah Umm Al Quwain Umm,Al,Quwain
n/a Al Salam City Umm Al Quwain Umm,Al,Quwain
n/a Al Surrah Umm Al Quwain Umm,Al,Quwain
n/a Ar Ra`fah Umm Al Quwain Umm,Al,Quwain
n/a Ar Ramlah Umm Al Quwain Umm,Al,Quwain
n/a Ar Rashidiyah Umm Al Quwain Umm,Al,Quwain
n/a As Salamah Umm Al Quwain Umm,Al,Quwain
n/a As Surrah Umm Al Quwain Umm,Al,Quwain
n/a Barracuda Umm Al Quwain Umm,Al,Quwain
n/a Barracuda Beach Resort Umm Al Quwain Umm,Al,Quwain
n/a Biyatah Umm Al Quwain Umm,Al,Quwain
n/a Defence Camp Umm Al Quwain Umm,Al,Quwain
n/a Diwwan Al Amiri Umm Al Quwain Umm,Al,Quwain
n/a Emirates Modern Industrial Umm Al Quwain Umm,Al,Quwain
n/a Emirates Motorplex - UAQ/RAK road Umm Al Quwain Umm,Al,Quwain
n/a Environmental Marine Research Center Umm Al Quwain Umm,Al,Quwain
n/a Falaj al Moalla Umm Al Quwain Umm,Al,Quwain
n/a Green Belt Umm Al Quwain Umm,Al,Quwain
n/a Hazaiwa Umm Al Quwain Umm,Al,Quwain
n/a Industrial Area A Umm Al Quwain Umm,Al,Quwain
n/a Industrial Area B Umm Al Quwain Umm,Al,Quwain
n/a Industrial Area C Umm Al Quwain Umm,Al,Quwain
n/a Kaber Umm Al Quwain Umm,Al,Quwain
n/a Kabir Umm Al Quwain Umm,Al,Quwain
n/a Khor Al Beidah Umm Al Quwain Umm,Al,Quwain
n/a Lazimah Umm Al Quwain Umm,Al,Quwain
n/a Lubsah Umm Al Quwain Umm,Al,Quwain
"n/a Lubsah, Lulu Centre Umm Al Quwain Umm",Al,Quwain
n/a Mintaqah al Hadithah Umm Al Quwain Umm,Al,Quwain
n/a Mintaqat ad Dar al Bayda' A Umm Al Quwain Umm,Al,Quwain
n/a Mintaqat ad Dar al Bayda' B Umm Al Quwain Umm,Al,Quwain
n/a Mintaqat al `Ahd Umm Al Quwain Umm,Al,Quwain
n/a Mintaqat al Hawiyah Umm Al Quwain Umm,Al,Quwain
n/a Mintaqat al Humrah A Umm Al Quwain Umm,Al,Quwain
n/a Mintaqat al Humrah B Umm Al Quwain Umm,Al,Quwain
n/a Mintaqat al Humrah D Umm Al Quwain Umm,Al,Quwain
n/a Mintaqat al Humrah J Umm Al Quwain Umm,Al,Quwain
n/a Mintaqat al Khawr Umm Al Quwain Umm,Al,Quwain
n/a Mintaqat al Madinah al Qadimah Umm Al Quwain Umm,Al,Quwain
n/a Mintaqat al Maydan Umm Al Quwain Umm,Al,Quwain
n/a Mintaqat ar Ra's A Umm Al Quwain Umm,Al,Quwain
n/a Mintaqat ar Ra's B Umm Al Quwain Umm,Al,Quwain
n/a Mintaqat ar Ra's D Umm Al Quwain Umm,Al,Quwain
n/a Mintaqat ar Ra's J Umm Al Quwain Umm,Al,Quwain
n/a Mintaqat ar Rawdah Umm Al Quwain Umm,Al,Quwain
n/a Mintaqat ar Riqqah Umm Al Quwain Umm,Al,Quwain
n/a Mintaqat Limghadar Umm Al Quwain Umm,Al,Quwain
n/a Mintaqat Umm al Qaywayn at Tibbiyah Umm Al Quwain Umm,Al,Quwain
n/a Mohadhub Umm Al Quwain Umm,Al,Quwain
n/a Muhadhdhib Umm Al Quwain Umm,Al,Quwain
n/a Old Town Umm Al Quwain Umm,Al,Quwain
n/a The settlement of fishermen Umm Al Quwain Umm,Al,Quwain
n/a Umm Al Quwain Umm Al Quwain Umm,Al,Quwain
n/a Umm Al Quwain Aviation & Parachute Club Umm Al Quwain Umm,Al,Quwain
n/a Umm Al Quwain Hunting & Shooting Club Umm Al Quwain Umm,Al,Quwain
n/a Umm Al Quwain Marina Umm Al Quwain Umm,Al,Quwain
n/a Umm Al Thaoub Industrial Area Umm Al Quwain Umm,Al,Quwain
n/a White Bay Umm Al Quwain Umm,Al,Quwain
